,id,label,age,treatment,raw_time,timeFMT,timeDSS,FMT,DSS,donor_age,donor2acceptor,label_id,timeBF,timeBO,BF,BO,CHÊ±¼ä,cohousing,primry_order,cage,Alias,Alias2
sample7,7,D0-D1-1,2,2,0,0,0,0,NA,NA,Y2,D1,0,NA,1,NA,0,0,441,D,ABH,
sample8,8,D0-D2-1,2,2,0,0,0,0,NA,NA,Y2,D2,0,NA,1,NA,0,0,442,D,ABH,
sample9,9,D0-D3-1,2,2,0,0,0,0,NA,NA,Y2,D3,0,NA,1,NA,0,0,443,D,ABH,
sample10,10,D0-D4-1,2,2,0,0,0,0,NA,NA,Y2,D4,0,NA,1,NA,0,0,444,D,ABH,
sample11,11,D0-D5-1,2,2,0,0,0,0,NA,NA,Y2,D5,0,NA,1,NA,0,0,445,D,ABH,
sample12,12,D1-D1-1,2,2,1,1,1,0,NA,NA,Y2,D1,1,NA,1,NA,0,0,446,D,ABH,
sample13,13,D1-D2-1,2,2,1,1,1,0,NA,NA,Y2,D2,1,NA,1,NA,0,0,447,D,ABH,
sample14,14,D1-D3-1,2,2,1,1,1,0,NA,NA,Y2,D3,1,NA,1,NA,0,0,448,D,ABH,
sample15,15,D1-D4-1,2,2,1,1,1,0,NA,NA,Y2,D4,1,NA,1,NA,0,0,449,D,ABH,
sample16,16,D1-D5-1,2,2,1,1,1,0,NA,NA,Y2,D5,1,NA,1,NA,0,0,450,D,ABH,
sample17,17,D4-D1-1,2,2,4,4,4,0,NA,NA,Y2,D1,4,NA,1,NA,0,0,451,D,ABH,
sample18,18,D4-D2-1,2,2,4,4,4,0,NA,NA,Y2,D2,4,NA,1,NA,0,0,452,D,ABH,
sample19,19,D4-D3-1,2,2,4,4,4,0,NA,NA,Y2,D3,4,NA,1,NA,0,0,453,D,ABH,
sample20,20,D4-D4-1,2,2,4,4,4,0,NA,NA,Y2,D4,4,NA,1,NA,0,0,454,D,ABH,
sample21,21,D4-D5-1,2,2,4,4,4,0,NA,NA,Y2,D5,4,NA,1,NA,0,0,455,D,ABH,
sample22,22,D7-D1-1,2,2,7,7,7,0,NA,NA,Y2,D1,7,NA,1,NA,0,0,456,D,ABH,
sample23,23,D7-D2-1,2,2,7,7,7,0,NA,NA,Y2,D2,7,NA,1,NA,0,0,457,D,ABH,
sample24,24,D7-D3-1,2,2,7,7,7,0,NA,NA,Y2,D3,7,NA,1,NA,0,0,458,D,ABH,
sample25,25,D7-D4-1,2,2,7,7,7,0,NA,NA,Y2,D4,7,NA,1,NA,0,0,459,D,ABH,
sample26,26,D7-D5-1,2,2,7,7,7,0,NA,NA,Y2,D5,7,NA,1,NA,0,0,460,D,ABH,
sample27,27,D11-D1-1,2,2,11,11,11,0,NA,NA,Y2,D1,11,NA,1,NA,0,0,461,D,ABH,
sample28,28,D11-D2-1,2,2,11,11,11,0,NA,NA,Y2,D2,11,NA,1,NA,0,0,462,D,ABH,
sample29,29,D11-D3-1,2,2,11,11,11,0,NA,NA,Y2,D3,11,NA,1,NA,0,0,463,D,ABH,
sample30,30,D11-D4-1,2,2,11,11,11,0,NA,NA,Y2,D4,11,NA,1,NA,0,0,464,D,ABH,
sample31,31,D11-D5-1,2,2,11,11,11,0,NA,NA,Y2,D5,11,NA,1,NA,0,0,465,D,ABH,
sample32,32,D14-D1-1,2,2,14,14,14,0,NA,NA,Y2,D1,14,NA,1,NA,0,0,466,D,ABH,
sample33,33,D14-D2-1,2,2,14,14,14,0,NA,NA,Y2,D2,14,NA,1,NA,0,0,467,D,ABH,
sample34,34,D14-D3-1,2,2,14,14,14,0,NA,NA,Y2,D3,14,NA,1,NA,0,0,468,D,ABH,
sample35,35,D14-D4-1,2,2,14,14,14,0,NA,NA,Y2,D4,14,NA,1,NA,0,0,469,D,ABH,
sample36,36,D14-D5-1,2,2,14,14,14,0,NA,NA,Y2,D5,14,NA,1,NA,0,0,470,D,ABH,
sample37,37,D28-D1-1,2,2,28,28,28,0,NA,NA,Y2,D1,28,NA,1,NA,0,0,471,D,ABH,
sample38,38,D28-D2-1,2,2,28,28,28,0,NA,NA,Y2,D2,28,NA,1,NA,0,0,472,D,ABH,
sample39,39,D28-D3-1,2,2,28,28,28,0,NA,NA,Y2,D3,28,NA,1,NA,0,0,473,D,ABH,
sample40,40,D28-D4-1,2,2,28,28,28,0,NA,NA,Y2,D4,28,NA,1,NA,0,0,474,D,ABH,
sample41,41,D28-D5-1,2,2,28,28,28,0,NA,NA,Y2,D5,28,NA,1,NA,0,0,475,D,ABH,
sample42,42,D42-D1-1,2,2,42,42,42,0,NA,NA,Y2,D1,42,NA,1,NA,0,0,476,D,ABH,
sample43,43,D42-D2-1,2,2,42,42,42,0,NA,NA,Y2,D2,42,NA,1,NA,0,0,477,D,ABH,
sample44,44,D42-C4-1,2,0,42,42,42,0,NA,NA,Y0,C4,42,NA,1,NA,0,0,478,C,Ctrl,
sample45,45,D42-C5-1,2,0,42,42,42,0,NA,NA,Y0,C5,42,NA,1,NA,0,0,479,C,Ctrl,
sample46,46,D42-D3-1,2,2,42,42,42,0,NA,NA,Y2,D3,42,NA,1,NA,0,0,480,D,ABH,
sample47,47,D42-D4-1,2,2,42,42,42,0,NA,NA,Y2,D4,42,NA,1,NA,0,0,481,D,ABH,
sample48,48,D42-D5-1,2,2,42,42,42,0,NA,NA,Y2,D5,42,NA,1,NA,0,0,482,D,ABH,
sample49,49,D0-E1-1,2,3,0,0,NA,NA,NA,NA,Y3,E1,NA,NA,NA,NA,0,0,483,E,ABL,
sample50,50,D0-E2-1,2,3,0,0,NA,NA,NA,NA,Y3,E2,NA,NA,NA,NA,0,0,484,E,ABL,
sample51,51,D0-E3-1,2,3,0,0,NA,NA,NA,NA,Y3,E3,NA,NA,NA,NA,0,0,485,E,ABL,
sample52,52,D0-E4-1,2,3,0,0,NA,NA,NA,NA,Y3,E4,NA,NA,NA,NA,0,0,486,E,ABL,
sample53,53,D0-E5-1,2,3,0,0,NA,NA,NA,NA,Y3,E5,NA,NA,NA,NA,0,0,487,E,ABL,
sample54,54,D1-E1-1,2,3,1,1,NA,NA,NA,NA,Y3,E1,NA,NA,NA,NA,0,0,488,E,ABL,
sample55,55,D1-E2-1,2,3,1,1,NA,NA,NA,NA,Y3,E2,NA,NA,NA,NA,0,0,489,E,ABL,
sample56,56,D1-E3-1,2,3,1,1,NA,NA,NA,NA,Y3,E3,NA,NA,NA,NA,0,0,490,E,ABL,
sample57,57,D1-E4-1,2,3,1,1,NA,NA,NA,NA,Y3,E4,NA,NA,NA,NA,0,0,491,E,ABL,
sample58,58,D1-E5-1,2,3,1,1,NA,NA,NA,NA,Y3,E5,NA,NA,NA,NA,0,0,492,E,ABL,
sample59,59,D4-E1-1,2,3,4,4,NA,NA,NA,NA,Y3,E1,NA,NA,NA,NA,0,0,493,E,ABL,
sample60,60,D4-E2-1,2,3,4,4,NA,NA,NA,NA,Y3,E2,NA,NA,NA,NA,0,0,494,E,ABL,
sample61,61,D4-E3-1,2,3,4,4,NA,NA,NA,NA,Y3,E3,NA,NA,NA,NA,0,0,495,E,ABL,
sample62,62,D4-E4-1,2,3,4,4,NA,NA,NA,NA,Y3,E4,NA,NA,NA,NA,0,0,496,E,ABL,
sample63,63,D4-E5-1,2,3,4,4,NA,NA,NA,NA,Y3,E5,NA,NA,NA,NA,0,0,497,E,ABL,
sample64,64,D7-E1-1,2,3,7,7,NA,NA,NA,NA,Y3,E1,NA,NA,NA,NA,0,0,498,E,ABL,
sample65,65,D7-E2-1,2,3,7,7,NA,NA,NA,NA,Y3,E2,NA,NA,NA,NA,0,0,499,E,ABL,
sample66,66,D7-E3-1,2,3,7,7,NA,NA,NA,NA,Y3,E3,NA,NA,NA,NA,0,0,500,E,ABL,
sample67,67,D7-E4-1,2,3,7,7,NA,NA,NA,NA,Y3,E4,NA,NA,NA,NA,0,0,501,E,ABL,
sample68,68,D7-E5-1,2,3,7,7,NA,NA,NA,NA,Y3,E5,NA,NA,NA,NA,0,0,502,E,ABL,
sample69,69,D11-E1-1,2,3,11,11,NA,NA,NA,NA,Y3,E1,NA,NA,NA,NA,0,0,503,E,ABL,
sample70,70,D11-E2-1,2,3,11,11,NA,NA,NA,NA,Y3,E2,NA,NA,NA,NA,0,0,504,E,ABL,
sample71,71,D11-E3-1,2,3,11,11,NA,NA,NA,NA,Y3,E3,NA,NA,NA,NA,0,0,505,E,ABL,
sample72,72,D11-E4-1,2,3,11,11,NA,NA,NA,NA,Y3,E4,NA,NA,NA,NA,0,0,506,E,ABL,
sample73,73,D11-E5-1,2,3,11,11,NA,NA,NA,NA,Y3,E5,NA,NA,NA,NA,0,0,507,E,ABL,
sample74,74,D14-C1-1,2,0,14,14,14,0,NA,NA,Y0,C1,14,NA,1,NA,0,0,508,C,Ctrl,
sample75,75,D14-C2-1,2,0,14,14,14,0,NA,NA,Y0,C2,14,NA,1,NA,0,0,509,C,Ctrl,
sample76,76,D14-C3-1,2,0,14,14,14,0,NA,NA,Y0,C3,14,NA,1,NA,0,0,510,C,Ctrl,
sample77,77,D14-C4-1,2,0,14,14,14,0,NA,NA,Y0,C4,14,NA,1,NA,0,0,511,C,Ctrl,
sample78,78,D14-C5-1,2,0,14,14,14,0,NA,NA,Y0,C5,14,NA,1,NA,0,0,512,C,Ctrl,
sample79,79,D14-E1-1,2,3,14,14,NA,NA,NA,NA,Y3,E1,NA,NA,NA,NA,0,0,513,E,ABL,
sample80,80,D14-E2-1,2,3,14,14,NA,NA,NA,NA,Y3,E2,NA,NA,NA,NA,0,0,514,E,ABL,
sample81,81,D14-E3-1,2,3,14,14,NA,NA,NA,NA,Y3,E3,NA,NA,NA,NA,0,0,515,E,ABL,
sample82,82,D14-E4-1,2,3,14,14,NA,NA,NA,NA,Y3,E4,NA,NA,NA,NA,0,0,516,E,ABL,
sample83,83,D14-E5-1,2,3,14,14,NA,NA,NA,NA,Y3,E5,NA,NA,NA,NA,0,0,517,E,ABL,
sample84,84,D28-E1-1,2,3,28,28,NA,NA,NA,NA,Y3,E1,NA,NA,NA,NA,0,0,518,E,ABL,
sample85,85,D28-E2-1,2,3,28,28,NA,NA,NA,NA,Y3,E2,NA,NA,NA,NA,0,0,519,E,ABL,
sample86,86,D28-E3-1,2,3,28,28,NA,NA,NA,NA,Y3,E3,NA,NA,NA,NA,0,0,520,E,ABL,
sample87,87,D28-E4-1,2,3,28,28,NA,NA,NA,NA,Y3,E4,NA,NA,NA,NA,0,0,521,E,ABL,
sample88,88,D28-E5-1,2,3,28,28,NA,NA,NA,NA,Y3,E5,NA,NA,NA,NA,0,0,522,E,ABL,
sample89,89,D42-C1-1,2,0,42,42,42,0,NA,NA,Y0,C1,42,NA,1,NA,0,0,523,C,Ctrl,
sample90,90,D42-C2-1,2,0,42,42,42,0,NA,NA,Y0,C2,42,NA,1,NA,0,0,524,C,Ctrl,
sample91,91,D42-C3-1,2,0,42,42,42,0,NA,NA,Y0,C3,42,NA,1,NA,0,0,525,C,Ctrl,
sample92,92,D42-E1-1,2,3,42,42,NA,NA,NA,NA,Y3,E1,NA,NA,NA,NA,0,0,526,E,ABL,
sample93,93,D42-E2-1,2,3,42,42,NA,NA,NA,NA,Y3,E2,NA,NA,NA,NA,0,0,527,E,ABL,
sample94,94,D42-E3-1,2,3,42,42,NA,NA,NA,NA,Y3,E3,NA,NA,NA,NA,0,0,528,E,ABL,
sample95,95,D42-E4-1,2,3,42,42,NA,NA,NA,NA,Y3,E4,NA,NA,NA,NA,0,0,529,E,ABL,
sample96,96,D42-E5-1,2,3,42,42,NA,NA,NA,NA,Y3,E5,NA,NA,NA,NA,0,0,530,E,ABL,
sample137,137,D36-C1-1,2,0,35,35,35,0,NA,NA,Y0,C1,35,NA,1,NA,0,0,531,C,Ctrl,
sample138,138,D36-C2-1,2,0,35,35,35,0,NA,NA,Y0,C2,35,NA,1,NA,0,0,532,C,Ctrl,
sample139,139,D36-C3-1,2,0,35,35,35,0,NA,NA,Y0,C3,35,NA,1,NA,0,0,533,C,Ctrl,
sample140,140,D36-C4-1,2,0,35,35,35,0,NA,NA,Y0,C4,35,NA,1,NA,0,0,534,C,Ctrl,
sample141,141,D36-C5-1,2,0,35,35,35,0,NA,NA,Y0,C5,35,NA,1,NA,0,0,535,C,Ctrl,
sample142,142,D28-C1-1,2,0,28,28,28,0,NA,NA,Y0,C1,28,NA,1,NA,0,0,536,C,Ctrl,
sample143,143,D28-C2-1,2,0,28,28,28,0,NA,NA,Y0,C2,28,NA,1,NA,0,0,537,C,Ctrl,
sample144,144,D28-C3-1,2,0,28,28,28,0,NA,NA,Y0,C3,28,NA,1,NA,0,0,538,C,Ctrl,
sample145,145,D36-D1-1,2,2,35,35,35,0,NA,NA,Y2,D1,35,NA,1,NA,0,0,539,D,ABH,
sample146,146,D36-D2-1,2,2,35,35,35,0,NA,NA,Y2,D2,35,NA,1,NA,0,0,540,D,ABH,
sample147,147,D36-D3-1,2,2,35,35,35,0,NA,NA,Y2,D3,35,NA,1,NA,0,0,541,D,ABH,
sample148,148,D36-D4-1,2,2,35,35,35,0,NA,NA,Y2,D4,35,NA,1,NA,0,0,542,D,ABH,
sample149,149,D36-D5-1,2,2,35,35,35,0,NA,NA,Y2,D5,35,NA,1,NA,0,0,543,D,ABH,
sample150,150,D36-E1-1,2,3,35,35,NA,NA,NA,NA,Y3,E1,NA,NA,NA,NA,0,0,544,E,ABL,
sample151,151,D36-E2-1,2,3,35,35,NA,NA,NA,NA,Y3,E2,NA,NA,NA,NA,0,0,545,E,ABL,
sample152,152,D36-E3-1,2,3,35,35,NA,NA,NA,NA,Y3,E3,NA,NA,NA,NA,0,0,546,E,ABL,
sample153,153,D36-E4-1,2,3,35,35,NA,NA,NA,NA,Y3,E4,NA,NA,NA,NA,0,0,547,E,ABL,
sample154,154,D36-E5-1,2,3,35,35,NA,NA,NA,NA,Y3,E5,NA,NA,NA,NA,0,0,548,E,ABL,
sample155,155,D11-C1-1,2,0,11,11,11,0,NA,NA,Y0,C1,11,NA,1,NA,0,0,549,C,Ctrl,
sample156,156,D11-C2-1,2,0,11,11,11,0,NA,NA,Y0,C2,11,NA,1,NA,0,0,550,C,Ctrl,
sample157,157,D11-C3-1,2,0,11,11,11,0,NA,NA,Y0,C3,11,NA,1,NA,0,0,551,C,Ctrl,
sample158,158,D11-C4-1,2,0,11,11,11,0,NA,NA,Y0,C4,11,NA,1,NA,0,0,552,C,Ctrl,
sample159,159,D11-C5-1,2,0,11,11,11,0,NA,NA,Y0,C5,11,NA,1,NA,0,0,553,C,Ctrl,
sample160,160,D7-C1-1,2,0,7,7,7,0,NA,NA,Y0,C1,7,NA,1,NA,0,0,554,C,Ctrl,
sample161,161,D7-C2-1,2,0,7,7,7,0,NA,NA,Y0,C2,7,NA,1,NA,0,0,555,C,Ctrl,
sample162,162,D7-C3-1,2,0,7,7,7,0,NA,NA,Y0,C3,7,NA,1,NA,0,0,556,C,Ctrl,
sample163,163,D7-C4-1,2,0,7,7,7,0,NA,NA,Y0,C4,7,NA,1,NA,0,0,557,C,Ctrl,
sample164,164,D7-C5-1,2,0,7,7,7,0,NA,NA,Y0,C5,7,NA,1,NA,0,0,558,C,Ctrl,
sample165,165,D0-C1-1,2,0,0,0,0,0,NA,NA,Y0,C1,0,NA,1,NA,0,0,559,C,Ctrl,
sample166,166,D0-C2-1,2,0,0,0,0,0,NA,NA,Y0,C2,0,NA,1,NA,0,0,560,C,Ctrl,
sample167,167,D0-C3-1,2,0,0,0,0,0,NA,NA,Y0,C3,0,NA,1,NA,0,0,561,C,Ctrl,
sample168,168,D0-C4-1,2,0,0,0,0,0,NA,NA,Y0,C4,0,NA,1,NA,0,0,562,C,Ctrl,
sample169,169,D0-C5-1,2,0,0,0,0,0,NA,NA,Y0,C5,0,NA,1,NA,0,0,563,C,Ctrl,
sample190,190,D1-E2-2,2,3,1,1,NA,NA,NA,NA,Y3,E2,NA,NA,NA,NA,0,0,564,E,ABL,
sample191,191,D1-E3-2,2,3,1,1,NA,NA,NA,NA,Y3,E3,NA,NA,NA,NA,0,0,565,E,ABL,
sample245,245,D21-C1-1,2,0,21,21,21,0,NA,NA,Y0,C1,21,NA,1,NA,0,0,583,C,Ctrl,
sample246,246,D21-C2-1,2,0,21,21,21,0,NA,NA,Y0,C2,21,NA,1,NA,0,0,584,C,Ctrl,
sample247,247,D21-C3-1,2,0,21,21,21,0,NA,NA,Y0,C3,21,NA,1,NA,0,0,585,C,Ctrl,
sample248,248,D21-C4-1,2,0,21,21,21,0,NA,NA,Y0,C4,21,NA,1,NA,0,0,586,C,Ctrl,
sample249,249,D21-C5-1,2,0,21,21,21,0,NA,NA,Y0,C5,21,NA,1,NA,0,0,587,C,Ctrl,
sample250,250,D21-D1-1,2,2,21,21,21,0,NA,NA,Y2,D1,21,NA,1,NA,0,0,588,D,ABH,
sample251,251,D21-D2-1,2,2,21,21,21,0,NA,NA,Y2,D2,21,NA,1,NA,0,0,589,D,ABH,
sample252,252,D21-D3-1,2,2,21,21,21,0,NA,NA,Y2,D3,21,NA,1,NA,0,0,590,D,ABH,
sample253,253,D21-D4-1,2,2,21,21,21,0,NA,NA,Y2,D4,21,NA,1,NA,0,0,591,D,ABH,
sample254,254,D21-D5-1,2,2,21,21,21,0,NA,NA,Y2,D5,21,NA,1,NA,0,0,592,D,ABH,
sample255,255,D21-E1-1,2,3,21,21,NA,NA,NA,NA,Y3,E1,NA,NA,NA,NA,0,0,593,E,ABL,
sample256,256,D21-E2-1,2,3,21,21,NA,NA,NA,NA,Y3,E2,NA,NA,NA,NA,0,0,594,E,ABL,
sample257,257,D21-E3-1,2,3,21,21,NA,NA,NA,NA,Y3,E3,NA,NA,NA,NA,0,0,595,E,ABL,
sample258,258,D21-E4-1,2,3,21,21,NA,NA,NA,NA,Y3,E4,NA,NA,NA,NA,0,0,596,E,ABL,
sample259,259,D21-E5-1,2,3,21,21,NA,NA,NA,NA,Y3,E5,NA,NA,NA,NA,0,0,597,E,ABL,
sample275,275,D1-C1-1,2,0,1,1,1,0,NA,NA,Y0,C1,1,NA,1,NA,0,0,603,C,Ctrl,
sample276,276,D1-C2-1,2,0,1,1,1,0,NA,NA,Y0,C2,1,NA,1,NA,0,0,604,C,Ctrl,
sample277,277,D1-C3-1,2,0,1,1,1,0,NA,NA,Y0,C3,1,NA,1,NA,0,0,605,C,Ctrl,
sample278,278,D1-C4-1,2,0,1,1,1,0,NA,NA,Y0,C4,1,NA,1,NA,0,0,606,C,Ctrl,
sample280,280,D4-C1-1,2,0,4,4,4,0,NA,NA,Y0,C1,4,NA,1,NA,0,0,608,C,Ctrl,
sample281,281,D4-C2-1,2,0,4,4,4,0,NA,NA,Y0,C2,4,NA,1,NA,0,0,609,C,Ctrl,
sample282,282,D4-C3-1,2,0,4,4,4,0,NA,NA,Y0,C3,4,NA,1,NA,0,0,610,C,Ctrl,
sample283,283,D4-C4-1,2,0,4,4,4,0,NA,NA,Y0,C4,4,NA,1,NA,0,0,611,C,Ctrl,
sample284,284,D4-C5-1,2,0,4,4,4,0,NA,NA,Y0,C5,4,NA,1,NA,0,0,612,C,Ctrl,
sample285,285,D28-C4-1,2,0,28,28,28,0,NA,NA,Y0,C4,28,NA,1,NA,0,0,613,C,Ctrl,
sample286,286,D28-C5-1,2,0,28,28,28,0,NA,NA,Y0,C5,28,NA,1,NA,0,0,614,C,Ctrl,
sample600,600,NA,NA,NA,NA,NA,NA,NA,NA,NA,NA,NA,NA,NA,NA,NA,NA,NA,NA,N,,
sample601,601,NA,NA,NA,NA,NA,NA,NA,NA,NA,NA,NA,NA,NA,NA,NA,NA,NA,NA,N,,
sample602,602,NA,NA,NA,NA,NA,NA,NA,NA,NA,NA,NA,NA,NA,NA,NA,NA,NA,NA,N,,
sample603,603,NA,NA,NA,NA,NA,NA,NA,NA,NA,NA,NA,NA,NA,NA,NA,NA,NA,NA,N,,
sample604,604,NA,NA,NA,NA,NA,NA,NA,NA,NA,NA,NA,NA,NA,NA,NA,NA,NA,NA,N,,
sample685,685,18-D18-B1-1,18,0,18,0,0,0,NA,NA,O0,B1,0,NA,1,NA,NA,NA,1,B,Ctrl,
sample686,686,18-D18-B2-1,18,0,18,0,0,0,NA,NA,O0,B2,0,NA,1,NA,NA,NA,2,B,Ctrl,
sample687,687,18-D18-B3-1,18,0,18,0,0,0,NA,NA,O0,B3,0,NA,1,NA,NA,NA,3,B,Ctrl,
sample688,688,18-D18-B4-1,18,0,18,0,0,0,NA,NA,O0,B4,0,NA,1,NA,NA,NA,4,B,Ctrl,
sample689,689,18-D18-B5-1,18,0,18,0,0,0,NA,NA,O0,B5,0,NA,1,NA,NA,NA,5,B,Ctrl,
sample695,695,18-D0-F1-1,18,2,0,0,0,0,NA,NA,O2,F1,0,NA,1,NA,NA,NA,6,F,ABH,SR
sample696,696,18-D0-F2-1,18,2,0,0,0,0,NA,NA,O2,F2,0,NA,1,NA,NA,NA,7,F,ABH,SR
sample697,697,18-D0-F3-1,18,2,0,0,0,0,NA,NA,O2,F3,0,NA,1,NA,NA,NA,8,F,ABH,SR
sample698,698,18-D0-F4-1,18,2,0,0,0,0,NA,NA,O2,F4,0,NA,1,NA,NA,NA,9,F,ABH,SR
sample699,699,18-D0-F5-1,18,2,0,0,0,0,NA,NA,O2,F5,0,NA,1,NA,NA,NA,10,F,ABH,SR
sample700,700,18-D19-B1-1,18,0,19,1,1,0,NA,NA,O0,B1,1,NA,1,NA,NA,NA,11,B,Ctrl,
sample701,701,18-D19-B2-1,18,0,19,1,1,0,NA,NA,O0,B2,1,NA,1,NA,NA,NA,12,B,Ctrl,
sample702,702,18-D19-B3-1,18,0,19,1,1,0,NA,NA,O0,B3,1,NA,1,NA,NA,NA,13,B,Ctrl,
sample703,703,18-D19-B4-1,18,0,19,1,1,0,NA,NA,O0,B4,1,NA,1,NA,NA,NA,14,B,Ctrl,
sample704,704,18-D19-B5-1,18,0,19,1,1,0,NA,NA,O0,B5,1,NA,1,NA,NA,NA,15,B,Ctrl,
sample710,710,18-D1-F1-1,18,2,1,1,1,0,NA,NA,O2,F1,1,NA,1,NA,NA,NA,16,F,ABH,SR
sample711,711,18-D1-F2-1,18,2,1,1,1,0,NA,NA,O2,F2,1,NA,1,NA,NA,NA,17,F,ABH,SR
sample712,712,18-D1-F3-1,18,2,1,1,1,0,NA,NA,O2,F3,1,NA,1,NA,NA,NA,18,F,ABH,SR
sample713,713,18-D1-F4-1,18,2,1,1,1,0,NA,NA,O2,F4,1,NA,1,NA,NA,NA,19,F,ABH,SR
sample714,714,18-D1-F5-1,18,2,1,1,1,0,NA,NA,O2,F5,1,NA,1,NA,NA,NA,20,F,ABH,SR
sample725,725,18-D22-B1-1,18,0,22,4,4,0,NA,NA,O0,B1,4,NA,1,NA,NA,NA,21,B,Ctrl,
sample726,726,18-D22-B2-1,18,0,22,4,4,0,NA,NA,O0,B2,4,NA,1,NA,NA,NA,22,B,Ctrl,
sample727,727,18-D22-B3-1,18,0,22,4,4,0,NA,NA,O0,B3,4,NA,1,NA,NA,NA,23,B,Ctrl,
sample728,728,18-D22-B4-1,18,0,22,4,4,0,NA,NA,O0,B4,4,NA,1,NA,NA,NA,24,B,Ctrl,
sample729,729,18-D22-B5-1,18,0,22,4,4,0,NA,NA,O0,B5,4,NA,1,NA,NA,NA,25,B,Ctrl,
sample730,730,18-D4-F1-1,18,2,4,4,4,0,NA,NA,O2,F1,4,NA,1,NA,NA,NA,26,F,ABH,SR
sample731,731,18-D4-F2-1,18,2,4,4,4,0,NA,NA,O2,F2,4,NA,1,NA,NA,NA,27,F,ABH,SR
sample732,732,18-D4-F3-1,18,2,4,4,4,0,NA,NA,O2,F3,4,NA,1,NA,NA,NA,28,F,ABH,SR
sample733,733,18-D4-F4-1,18,2,4,4,4,0,NA,NA,O2,F4,4,NA,1,NA,NA,NA,29,F,ABH,SR
sample734,734,18-D4-F5-1,18,2,4,4,4,0,NA,NA,O2,F5,4,NA,1,NA,NA,NA,30,F,ABH,SR
sample735,735,18-D25-B1-1,18,0,25,7,7,0,NA,NA,O0,B1,7,NA,1,NA,NA,NA,31,B,Ctrl,
sample736,736,18-D25-B2-1,18,0,25,7,7,0,NA,NA,O0,B2,7,NA,1,NA,NA,NA,32,B,Ctrl,
sample737,737,18-D25-B3-1,18,0,25,7,7,0,NA,NA,O0,B3,7,NA,1,NA,NA,NA,33,B,Ctrl,
sample738,738,18-D25-B4-1,18,0,25,7,7,0,NA,NA,O0,B4,7,NA,1,NA,NA,NA,34,B,Ctrl,
sample739,739,18-D25-B5-1,18,0,25,7,7,0,NA,NA,O0,B5,7,NA,1,NA,NA,NA,35,B,Ctrl,
sample740,740,18-D7-F1-1,18,2,7,7,7,0,NA,NA,O2,F1,7,NA,1,NA,NA,NA,36,F,ABH,SR
sample741,741,18-D7-F2-1,18,2,7,7,7,0,NA,NA,O2,F2,7,NA,1,NA,NA,NA,37,F,ABH,SR
sample742,742,18-D7-F3-1,18,2,7,7,7,0,NA,NA,O2,F3,7,NA,1,NA,NA,NA,38,F,ABH,SR
sample743,743,18-D7-F4-1,18,2,7,7,7,0,NA,NA,O2,F4,7,NA,1,NA,NA,NA,39,F,ABH,SR
sample744,744,18-D7-F5-1,18,2,7,7,7,0,NA,NA,O2,F5,7,NA,1,NA,NA,NA,40,F,ABH,SR
sample755,755,FMT-YY-DN1-S1-1,2,2,0,0,NA,1,NA,2,YY,S1,NA,NA,NA,NA,NA,NA,41,S,FMT-M,
sample756,756,FMT-YY-DN1-S2-1,2,2,0,0,NA,1,NA,2,YY,S2,NA,NA,NA,NA,NA,NA,42,S,FMT-M,
sample757,757,FMT-YY-DN1-S3-1,2,2,0,0,NA,1,NA,2,YY,S3,NA,NA,NA,NA,NA,NA,43,S,FMT-M,
sample758,758,FMT-YY-DN1-S4-1,2,2,0,0,NA,1,NA,2,YY,S4,NA,NA,NA,NA,NA,NA,44,S,FMT-M,
sample759,759,FMT-YY-DN1-S5-1,2,2,0,0,NA,1,NA,2,YY,S5,NA,NA,NA,NA,NA,NA,45,S,FMT-M,
sample760,760,T1,2,2,0,0,NA,1,0,2,YY,T1,NA,NA,NA,NA,NA,NA,NA,T,FMT-M,
sample761,761,T2,2,2,0,0,NA,1,0,2,YY,T2,NA,NA,NA,NA,NA,NA,NA,T,FMT-M,
sample762,762,T3,2,2,0,0,NA,1,0,2,YY,T3,NA,NA,NA,NA,NA,NA,NA,T,FMT-M,
sample763,763,T4,2,2,0,0,NA,1,0,2,YY,T4,NA,NA,NA,NA,NA,NA,NA,T,FMT-M,
sample764,764,T5,2,2,0,0,NA,1,0,2,YY,T5,NA,NA,NA,NA,NA,NA,NA,T,FMT-M,
sample765,765,U1,2,2,0,0,-25,1,1,2,YY,U1,NA,NA,NA,NA,NA,NA,NA,U,FMT-M-DSS,
sample766,766,U2,2,2,0,0,-25,1,1,2,YY,U2,NA,NA,NA,NA,NA,NA,NA,U,FMT-M-DSS,
sample767,767,U3,2,2,0,0,-25,1,1,2,YY,U3,NA,NA,NA,NA,NA,NA,NA,U,FMT-M-DSS,
sample768,768,U4,2,2,0,0,-25,1,1,2,YY,U4,NA,NA,NA,NA,NA,NA,NA,U,FMT-M-DSS,
sample769,769,U5,2,2,0,0,-25,1,1,2,YY,U5,NA,NA,NA,NA,NA,NA,NA,U,FMT-M-DSS,
sample770,770,FMT-YO-DN1-G1-1,18,2,0,0,NA,1,NA,2,YO,G1,NA,NA,NA,NA,NA,NA,46,G,FMT-UM,
sample771,771,FMT-YO-DN1-G2-1,18,2,0,0,NA,1,NA,2,YO,G2,NA,NA,NA,NA,NA,NA,47,G,FMT-UM,
sample772,772,FMT-YO-DN1-G3-1,18,2,0,0,NA,1,NA,2,YO,G3,NA,NA,NA,NA,NA,NA,48,G,FMT-UM,
sample773,773,FMT-YO-DN1-G4-1,18,2,0,0,NA,1,NA,2,YO,G4,NA,NA,NA,NA,NA,NA,49,G,FMT-UM,
sample774,774,FMT-YO-DN1-G5-1,18,2,0,0,NA,1,NA,2,YO,G5,NA,NA,NA,NA,NA,NA,50,G,FMT-UM,
sample775,775,H1,18,2,0,0,-25,1,1,2,YO,H1,NA,NA,NA,NA,NA,NA,NA,H,FMT-UM-DSS,
sample776,776,H2,18,2,0,0,-25,1,1,2,YO,H2,NA,NA,NA,NA,NA,NA,NA,H,FMT-UM-DSS,
sample777,777,H3,18,2,0,0,-25,1,1,2,YO,H3,NA,NA,NA,NA,NA,NA,NA,H,FMT-UM-DSS,
sample778,778,H4,18,2,0,0,-25,1,1,2,YO,H4,NA,NA,NA,NA,NA,NA,NA,H,FMT-UM-DSS,
sample779,779,H5,18,2,0,0,-25,1,1,2,YO,H5,NA,NA,NA,NA,NA,NA,NA,H,FMT-UM-DSS,
sample785,785,V1,2,2,0,0,-25,1,1,18,OY,V1,NA,NA,NA,NA,NA,NA,NA,V,FMT-UM-DSS,
sample786,786,V2,2,2,0,0,-25,1,1,18,OY,V2,NA,NA,NA,NA,NA,NA,NA,V,FMT-UM-DSS,
sample787,787,V3,2,2,0,0,-25,1,1,18,OY,V3,NA,NA,NA,NA,NA,NA,NA,V,FMT-UM-DSS,
sample788,788,V4,2,2,0,0,-25,1,1,18,OY,V4,NA,NA,NA,NA,NA,NA,NA,V,FMT-UM-DSS,
sample789,789,V5,2,2,0,0,-25,1,1,18,OY,V5,NA,NA,NA,NA,NA,NA,NA,V,FMT-UM-DSS,
sample790,790,FMT-OY-DN1-W1-1,2,2,0,0,NA,1,NA,18,OY,W1,NA,NA,NA,NA,NA,NA,51,W,FMT-UM,
sample791,791,FMT-OY-DN1-W2-1,2,2,0,0,NA,1,NA,18,OY,W2,NA,NA,NA,NA,NA,NA,52,W,FMT-UM,
sample792,792,FMT-OY-DN1-W3-1,2,2,0,0,NA,1,NA,18,OY,W3,NA,NA,NA,NA,NA,NA,53,W,FMT-UM,
sample793,793,FMT-OY-DN1-W4-1,2,2,0,0,NA,1,NA,18,OY,W4,NA,NA,NA,NA,NA,NA,54,W,FMT-UM,
sample794,794,FMT-OY-DN1-W5-1,2,2,0,0,NA,1,NA,18,OY,W5,NA,NA,NA,NA,NA,NA,55,W,FMT-UM,
sample800,800,FMT-OO-DN1-J1-1,18,2,0,0,NA,1,NA,18,OO,J1,NA,NA,NA,NA,NA,NA,56,J,FMT-M,
sample801,801,FMT-OO-DN1-J2-1,18,2,0,0,NA,1,NA,18,OO,J2,NA,NA,NA,NA,NA,NA,57,J,FMT-M,
sample802,802,FMT-OO-DN1-J3-1,18,2,0,0,NA,1,NA,18,OO,J3,NA,NA,NA,NA,NA,NA,58,J,FMT-M,
sample803,803,FMT-OO-DN1-J4-1,18,2,0,0,NA,1,NA,18,OO,J4,NA,NA,NA,NA,NA,NA,59,J,FMT-M,
sample804,804,FMT-OO-DN1-J5-1,18,2,0,0,NA,1,NA,18,OO,J5,NA,NA,NA,NA,NA,NA,60,J,FMT-M,
sample805,805,K1,18,2,0,0,-25,1,1,18,OO,K1,NA,NA,NA,NA,NA,NA,NA,K,FMT-M-DSS,
sample806,806,K2,18,2,0,0,-25,1,1,18,OO,K2,NA,NA,NA,NA,NA,NA,NA,K,FMT-M-DSS,
sample807,807,K3,18,2,0,0,-25,1,1,18,OO,K3,NA,NA,NA,NA,NA,NA,NA,K,FMT-M-DSS,
sample808,808,K4,18,2,0,0,-25,1,1,18,OO,K4,NA,NA,NA,NA,NA,NA,NA,K,FMT-M-DSS,
sample809,809,K5,18,2,0,0,-25,1,1,18,OO,K5,NA,NA,NA,NA,NA,NA,NA,K,FMT-M-DSS,
sample815,815,FMT-YY-D1-S1-1,2,2,1,1,NA,1,NA,2,YY,S1,NA,NA,NA,NA,NA,NA,61,S,FMT-M,
sample816,816,FMT-YY-D1-S2-1,2,2,1,1,NA,1,NA,2,YY,S2,NA,NA,NA,NA,NA,NA,62,S,FMT-M,
sample817,817,FMT-YY-D1-S3-1,2,2,1,1,NA,1,NA,2,YY,S3,NA,NA,NA,NA,NA,NA,63,S,FMT-M,
sample818,818,FMT-YY-D1-S4-1,2,2,1,1,NA,1,NA,2,YY,S4,NA,NA,NA,NA,NA,NA,64,S,FMT-M,
sample819,819,FMT-YY-D1-S5-1,2,2,1,1,NA,1,NA,2,YY,S5,NA,NA,NA,NA,NA,NA,65,S,FMT-M,
sample824,824,U1,2,2,1,1,NA,1,1,2,YY,U1,NA,NA,NA,NA,NA,NA,NA,U,FMT-M-DSS,
sample825,825,U2,2,2,1,1,NA,1,1,2,YY,U2,NA,NA,NA,NA,NA,NA,NA,U,FMT-M-DSS,
sample826,826,U3,2,2,1,1,NA,1,1,2,YY,U3,NA,NA,NA,NA,NA,NA,NA,U,FMT-M-DSS,
sample827,827,U4,2,2,1,1,NA,1,1,2,YY,U4,NA,NA,NA,NA,NA,NA,NA,U,FMT-M-DSS,
sample828,828,U5,2,2,1,1,NA,1,1,2,YY,U5,NA,NA,NA,NA,NA,NA,NA,U,FMT-M-DSS,
sample829,829,FMT-YO-D1-G1-1,18,2,1,1,NA,1,NA,2,YO,G1,NA,NA,NA,NA,NA,NA,66,G,FMT-UM,
sample830,830,FMT-YO-D1-G2-1,18,2,1,1,NA,1,NA,2,YO,G2,NA,NA,NA,NA,NA,NA,67,G,FMT-UM,
sample831,831,FMT-YO-D1-G3-1,18,2,1,1,NA,1,NA,2,YO,G3,NA,NA,NA,NA,NA,NA,68,G,FMT-UM,
sample832,832,FMT-YO-D1-G4-1,18,2,1,1,NA,1,NA,2,YO,G4,NA,NA,NA,NA,NA,NA,69,G,FMT-UM,
sample833,833,FMT-YO-D1-G5-1,18,2,1,1,NA,1,NA,2,YO,G5,NA,NA,NA,NA,NA,NA,70,G,FMT-UM,
sample834,834,H1,18,2,1,1,NA,1,1,2,YO,H1,NA,NA,NA,NA,NA,NA,NA,H,FMT-UM-DSS,
sample835,835,H2,18,2,1,1,NA,1,1,2,YO,H2,NA,NA,NA,NA,NA,NA,NA,H,FMT-UM-DSS,
sample836,836,H3,18,2,1,1,NA,1,1,2,YO,H3,NA,NA,NA,NA,NA,NA,NA,H,FMT-UM-DSS,
sample837,837,H4,18,2,1,1,NA,1,1,2,YO,H4,NA,NA,NA,NA,NA,NA,NA,H,FMT-UM-DSS,
sample838,838,H5,18,2,1,1,NA,1,1,2,YO,H5,NA,NA,NA,NA,NA,NA,NA,H,FMT-UM-DSS,
sample844,844,V1,2,2,1,1,NA,1,1,18,OY,V1,NA,NA,NA,NA,NA,NA,NA,V,FMT-UM-DSS,
sample845,845,V2,2,2,1,1,NA,1,1,18,OY,V2,NA,NA,NA,NA,NA,NA,NA,V,FMT-UM-DSS,
sample846,846,V3,2,2,1,1,NA,1,1,18,OY,V3,NA,NA,NA,NA,NA,NA,NA,V,FMT-UM-DSS,
sample847,847,V4,2,2,1,1,NA,1,1,18,OY,V4,NA,NA,NA,NA,NA,NA,NA,V,FMT-UM-DSS,
sample848,848,V5,2,2,1,1,NA,1,1,18,OY,V5,NA,NA,NA,NA,NA,NA,NA,V,FMT-UM-DSS,
sample849,849,FMT-OY-D1-W1-1,2,2,1,1,NA,1,NA,18,OY,W1,NA,NA,NA,NA,NA,NA,71,W,FMT-UM,
sample850,850,FMT-OY-D1-W2-1,2,2,1,1,NA,1,NA,18,OY,W2,NA,NA,NA,NA,NA,NA,72,W,FMT-UM,
sample851,851,FMT-OY-D1-W3-1,2,2,1,1,NA,1,NA,18,OY,W3,NA,NA,NA,NA,NA,NA,73,W,FMT-UM,
sample852,852,FMT-OY-D1-W4-1,2,2,1,1,NA,1,NA,18,OY,W4,NA,NA,NA,NA,NA,NA,74,W,FMT-UM,
sample853,853,FMT-OY-D1-W5-1,2,2,1,1,NA,1,NA,18,OY,W5,NA,NA,NA,NA,NA,NA,75,W,FMT-UM,
sample859,859,FMT-OO-D1-J1-1,18,2,1,1,NA,1,NA,18,OO,J1,NA,NA,NA,NA,NA,NA,76,J,FMT-M,
sample860,860,FMT-OO-D1-J2-1,18,2,1,1,NA,1,NA,18,OO,J2,NA,NA,NA,NA,NA,NA,77,J,FMT-M,
sample861,861,FMT-OO-D1-J3-1,18,2,1,1,NA,1,NA,18,OO,J3,NA,NA,NA,NA,NA,NA,78,J,FMT-M,
sample862,862,FMT-OO-D1-J4-1,18,2,1,1,NA,1,NA,18,OO,J4,NA,NA,NA,NA,NA,NA,79,J,FMT-M,
sample863,863,FMT-OO-D1-J5-1,18,2,1,1,NA,1,NA,18,OO,J5,NA,NA,NA,NA,NA,NA,80,J,FMT-M,
sample864,864,K1,18,2,1,1,NA,1,1,18,OO,K1,NA,NA,NA,NA,NA,NA,NA,K,FMT-M-DSS,
sample865,865,K2,18,2,1,1,NA,1,1,18,OO,K2,NA,NA,NA,NA,NA,NA,NA,K,FMT-M-DSS,
sample866,866,K3,18,2,1,1,NA,1,1,18,OO,K3,NA,NA,NA,NA,NA,NA,NA,K,FMT-M-DSS,
sample867,867,K4,18,2,1,1,NA,1,1,18,OO,K4,NA,NA,NA,NA,NA,NA,NA,K,FMT-M-DSS,
sample868,868,K5,18,2,1,1,NA,1,1,18,OO,K5,NA,NA,NA,NA,NA,NA,NA,K,FMT-M-DSS,
sample884,884,FMT-YY-D4-S1-1,2,2,4,4,NA,1,NA,2,YY,S1,NA,NA,NA,NA,NA,NA,91,S,FMT-M,
sample885,885,FMT-YY-D4-S2-1,2,2,4,4,NA,1,NA,2,YY,S2,NA,NA,NA,NA,NA,NA,92,S,FMT-M,
sample886,886,FMT-YY-D4-S3-1,2,2,4,4,NA,1,NA,2,YY,S3,NA,NA,NA,NA,NA,NA,93,S,FMT-M,
sample887,887,FMT-YY-D4-S4-1,2,2,4,4,NA,1,NA,2,YY,S4,NA,NA,NA,NA,NA,NA,94,S,FMT-M,
sample888,888,FMT-YY-D4-S5-1,2,2,4,4,NA,1,NA,2,YY,S5,NA,NA,NA,NA,NA,NA,95,S,FMT-M,
sample893,893,U1,2,2,4,4,NA,1,1,2,YY,U1,NA,NA,NA,NA,NA,NA,NA,U,FMT-M-DSS,
sample894,894,U2,2,2,4,4,NA,1,1,2,YY,U2,NA,NA,NA,NA,NA,NA,NA,U,FMT-M-DSS,
sample895,895,U3,2,2,4,4,NA,1,1,2,YY,U3,NA,NA,NA,NA,NA,NA,NA,U,FMT-M-DSS,
sample896,896,U4,2,2,4,4,NA,1,1,2,YY,U4,NA,NA,NA,NA,NA,NA,NA,U,FMT-M-DSS,
sample897,897,U5,2,2,4,4,NA,1,1,2,YY,U5,NA,NA,NA,NA,NA,NA,NA,U,FMT-M-DSS,
sample898,898,FMT-YO-D4-G1-1,18,2,4,4,NA,1,NA,2,YO,G1,NA,NA,NA,NA,NA,NA,96,G,FMT-UM,
sample899,899,FMT-YO-D4-G2-1,18,2,4,4,NA,1,NA,2,YO,G2,NA,NA,NA,NA,NA,NA,97,G,FMT-UM,
sample900,900,FMT-YO-D4-G3-1,18,2,4,4,NA,1,NA,2,YO,G3,NA,NA,NA,NA,NA,NA,98,G,FMT-UM,
sample901,901,FMT-YO-D4-G4-1,18,2,4,4,NA,1,NA,2,YO,G4,NA,NA,NA,NA,NA,NA,99,G,FMT-UM,
sample902,902,FMT-YO-D4-G5-1,18,2,4,4,NA,1,NA,2,YO,G5,NA,NA,NA,NA,NA,NA,100,G,FMT-UM,
sample903,903,H1,18,2,4,4,NA,1,1,2,YO,H1,NA,NA,NA,NA,NA,NA,NA,H,FMT-UM-DSS,
sample904,904,H2,18,2,4,4,NA,1,1,2,YO,H2,NA,NA,NA,NA,NA,NA,NA,H,FMT-UM-DSS,
sample905,905,H3,18,2,4,4,NA,1,1,2,YO,H3,NA,NA,NA,NA,NA,NA,NA,H,FMT-UM-DSS,
sample906,906,H4,18,2,4,4,NA,1,1,2,YO,H4,NA,NA,NA,NA,NA,NA,NA,H,FMT-UM-DSS,
sample907,907,H5,18,2,4,4,NA,1,1,2,YO,H5,NA,NA,NA,NA,NA,NA,NA,H,FMT-UM-DSS,
sample913,913,V1,2,2,4,4,NA,1,1,18,OY,V1,NA,NA,NA,NA,NA,NA,NA,V,FMT-UM-DSS,
sample914,914,V2,2,2,4,4,NA,1,1,18,OY,V2,NA,NA,NA,NA,NA,NA,NA,V,FMT-UM-DSS,
sample915,915,V3,2,2,4,4,NA,1,1,18,OY,V3,NA,NA,NA,NA,NA,NA,NA,V,FMT-UM-DSS,
sample916,916,V4,2,2,4,4,NA,1,1,18,OY,V4,NA,NA,NA,NA,NA,NA,NA,V,FMT-UM-DSS,
sample917,917,V5,2,2,4,4,NA,1,1,18,OY,V5,NA,NA,NA,NA,NA,NA,NA,V,FMT-UM-DSS,
sample918,918,FMT-OY-D4-W1-1,2,2,4,4,NA,1,NA,18,OY,W1,NA,NA,NA,NA,NA,NA,101,W,FMT-UM,
sample919,919,FMT-OY-D4-W2-1,2,2,4,4,NA,1,NA,18,OY,W2,NA,NA,NA,NA,NA,NA,102,W,FMT-UM,
sample920,920,FMT-OY-D4-W3-1,2,2,4,4,NA,1,NA,18,OY,W3,NA,NA,NA,NA,NA,NA,103,W,FMT-UM,
sample921,921,FMT-OY-D4-W4-1,2,2,4,4,NA,1,NA,18,OY,W4,NA,NA,NA,NA,NA,NA,104,W,FMT-UM,
sample922,922,FMT-OY-D4-W5-1,2,2,4,4,NA,1,NA,18,OY,W5,NA,NA,NA,NA,NA,NA,105,W,FMT-UM,
sample928,928,FMT-OO-D4-J1-1,18,2,4,4,NA,1,NA,18,OO,J1,NA,NA,NA,NA,NA,NA,106,J,FMT-M,
sample929,929,FMT-OO-D4-J2-1,18,2,4,4,NA,1,NA,18,OO,J2,NA,NA,NA,NA,NA,NA,107,J,FMT-M,
sample930,930,FMT-OO-D4-J3-1,18,2,4,4,NA,1,NA,18,OO,J3,NA,NA,NA,NA,NA,NA,108,J,FMT-M,
sample931,931,FMT-OO-D4-J4-1,18,2,4,4,NA,1,NA,18,OO,J4,NA,NA,NA,NA,NA,NA,109,J,FMT-M,
sample874,874,18-D32-B1-1,18,0,32,14,14,0,NA,NA,O0,B1,14,NA,1,NA,NA,NA,81,B,Ctrl,
sample875,875,18-D32-B2-1,18,0,32,14,14,0,NA,NA,O0,B2,14,NA,1,NA,NA,NA,82,B,Ctrl,
sample876,876,18-D32-B3-1,18,0,32,14,14,0,NA,NA,O0,B3,14,NA,1,NA,NA,NA,83,B,Ctrl,
sample877,877,18-D32-B4-1,18,0,32,14,14,0,NA,NA,O0,B4,14,NA,1,NA,NA,NA,84,B,Ctrl,
sample878,878,18-D32-B5-1,18,0,32,14,14,0,NA,NA,O0,B5,14,NA,1,NA,NA,NA,85,B,Ctrl,
sample879,879,18-D14-F1-1,18,2,14,14,14,0,NA,NA,O2,F1,14,NA,1,NA,NA,NA,86,F,ABH,SR
sample880,880,18-D14-F2-1,18,2,14,14,14,0,NA,NA,O2,F2,14,NA,1,NA,NA,NA,87,F,ABH,SR
sample881,881,18-D14-F3-1,18,2,14,14,14,0,NA,NA,O2,F3,14,NA,1,NA,NA,NA,88,F,ABH,SR
sample882,882,18-D14-F4-1,18,2,14,14,14,0,NA,NA,O2,F4,14,NA,1,NA,NA,NA,89,F,ABH,SR
sample883,883,18-D14-F5-1,18,2,14,14,14,0,NA,NA,O2,F5,14,NA,1,NA,NA,NA,90,F,ABH,SR
sample932,932,FMT-OO-D4-J5-1,18,2,4,4,NA,1,NA,18,OO,J5,NA,NA,NA,NA,NA,NA,110,J,FMT-M,
sample933,933,K1,18,2,4,4,NA,1,1,18,OO,K1,NA,NA,NA,NA,NA,NA,NA,K,FMT-M-DSS,
sample934,934,K2,18,2,4,4,NA,1,1,18,OO,K2,NA,NA,NA,NA,NA,NA,NA,K,FMT-M-DSS,
sample935,935,K3,18,2,4,4,NA,1,1,18,OO,K3,NA,NA,NA,NA,NA,NA,NA,K,FMT-M-DSS,
sample936,936,K4,18,2,4,4,NA,1,1,18,OO,K4,NA,NA,NA,NA,NA,NA,NA,K,FMT-M-DSS,
sample937,937,K5,18,2,4,4,NA,1,1,18,OO,K5,NA,NA,NA,NA,NA,NA,NA,K,FMT-M-DSS,
sample953,953,FMT-YY-D7-S1-1,2,2,7,7,NA,1,NA,2,YY,S1,NA,NA,NA,NA,NA,NA,111,S,FMT-M,
sample954,954,FMT-YY-D7-S2-1,2,2,7,7,NA,1,NA,2,YY,S2,NA,NA,NA,NA,NA,NA,112,S,FMT-M,
sample955,955,FMT-YY-D7-S3-1,2,2,7,7,NA,1,NA,2,YY,S3,NA,NA,NA,NA,NA,NA,113,S,FMT-M,
sample956,956,FMT-YY-D7-S4-1,2,2,7,7,NA,1,NA,2,YY,S4,NA,NA,NA,NA,NA,NA,114,S,FMT-M,
sample957,957,FMT-YY-D7-S5-1,2,2,7,7,NA,1,NA,2,YY,S5,NA,NA,NA,NA,NA,NA,115,S,FMT-M,
sample962,962,U1,2,2,7,7,NA,1,1,2,YY,U1,NA,NA,NA,NA,NA,NA,NA,U,FMT-M-DSS,
sample963,963,U2,2,2,7,7,NA,1,1,2,YY,U2,NA,NA,NA,NA,NA,NA,NA,U,FMT-M-DSS,
sample964,964,U3,2,2,7,7,NA,1,1,2,YY,U3,NA,NA,NA,NA,NA,NA,NA,U,FMT-M-DSS,
sample965,965,U4,2,2,7,7,NA,1,1,2,YY,U4,NA,NA,NA,NA,NA,NA,NA,U,FMT-M-DSS,
sample966,966,U5,2,2,7,7,NA,1,1,2,YY,U5,NA,NA,NA,NA,NA,NA,NA,U,FMT-M-DSS,
sample967,967,FMT-YO-D7-G1-1,18,2,7,7,NA,1,NA,2,YO,G1,NA,NA,NA,NA,NA,NA,116,G,FMT-UM,
sample968,968,FMT-YO-D7-G2-1,18,2,7,7,NA,1,NA,2,YO,G2,NA,NA,NA,NA,NA,NA,117,G,FMT-UM,
sample969,969,FMT-YO-D7-G3-1,18,2,7,7,NA,1,NA,2,YO,G3,NA,NA,NA,NA,NA,NA,118,G,FMT-UM,
sample970,970,FMT-YO-D7-G4-1,18,2,7,7,NA,1,NA,2,YO,G4,NA,NA,NA,NA,NA,NA,119,G,FMT-UM,
sample971,971,FMT-YO-D7-G5-1,18,2,7,7,NA,1,NA,2,YO,G5,NA,NA,NA,NA,NA,NA,120,G,FMT-UM,
sample972,972,H1,18,2,7,7,NA,1,1,2,YO,H1,NA,NA,NA,NA,NA,NA,NA,H,FMT-UM-DSS,
sample973,973,H2,18,2,7,7,NA,1,1,2,YO,H2,NA,NA,NA,NA,NA,NA,NA,H,FMT-UM-DSS,
sample974,974,H3,18,2,7,7,NA,1,1,2,YO,H3,NA,NA,NA,NA,NA,NA,NA,H,FMT-UM-DSS,
sample975,975,H4,18,2,7,7,NA,1,1,2,YO,H4,NA,NA,NA,NA,NA,NA,NA,H,FMT-UM-DSS,
sample976,976,H5,18,2,7,7,NA,1,1,2,YO,H5,NA,NA,NA,NA,NA,NA,NA,H,FMT-UM-DSS,
sample982,982,V1,2,2,7,7,NA,1,1,18,OY,V1,NA,NA,NA,NA,NA,NA,NA,V,FMT-UM-DSS,
sample983,983,V2,2,2,7,7,NA,1,1,18,OY,V2,NA,NA,NA,NA,NA,NA,NA,V,FMT-UM-DSS,
sample984,984,V3,2,2,7,7,NA,1,1,18,OY,V3,NA,NA,NA,NA,NA,NA,NA,V,FMT-UM-DSS,
sample985,985,V4,2,2,7,7,NA,1,1,18,OY,V4,NA,NA,NA,NA,NA,NA,NA,V,FMT-UM-DSS,
sample986,986,V5,2,2,7,7,NA,1,1,18,OY,V5,NA,NA,NA,NA,NA,NA,NA,V,FMT-UM-DSS,
sample987,987,FMT-OY-D7-W1-1,2,2,7,7,NA,1,NA,18,OY,W1,NA,NA,NA,NA,NA,NA,121,W,FMT-UM,
sample988,988,FMT-OY-D7-W2-1,2,2,7,7,NA,1,NA,18,OY,W2,NA,NA,NA,NA,NA,NA,122,W,FMT-UM,
sample989,989,FMT-OY-D7-W3-1,2,2,7,7,NA,1,NA,18,OY,W3,NA,NA,NA,NA,NA,NA,123,W,FMT-UM,
sample990,990,FMT-OY-D7-W4-1,2,2,7,7,NA,1,NA,18,OY,W4,NA,NA,NA,NA,NA,NA,124,W,FMT-UM,
sample991,991,FMT-OY-D7-W5-1,2,2,7,7,NA,1,NA,18,OY,W5,NA,NA,NA,NA,NA,NA,125,W,FMT-UM,
sample997,997,FMT-OO-D7-J1-1,18,2,7,7,NA,1,NA,18,OO,J1,NA,NA,NA,NA,NA,NA,126,J,FMT-M,
sample998,998,FMT-OO-D7-J2-1,18,2,7,7,NA,1,NA,18,OO,J2,NA,NA,NA,NA,NA,NA,127,J,FMT-M,
sample999,999,FMT-OO-D7-J3-1,18,2,7,7,NA,1,NA,18,OO,J3,NA,NA,NA,NA,NA,NA,128,J,FMT-M,
sample1000,1000,FMT-OO-D7-J4-1,18,2,7,7,NA,1,NA,18,OO,J4,NA,NA,NA,NA,NA,NA,129,J,FMT-M,
sample1001,1001,FMT-OO-D7-J5-1,18,2,7,7,NA,1,NA,18,OO,J5,NA,NA,NA,NA,NA,NA,130,J,FMT-M,
sample1002,1002,K1,18,2,7,7,NA,1,1,18,OO,K1,NA,NA,NA,NA,NA,NA,NA,K,FMT-M-DSS,
sample1003,1003,K2,18,2,7,7,NA,1,1,18,OO,K2,NA,NA,NA,NA,NA,NA,NA,K,FMT-M-DSS,
sample1004,1004,K3,18,2,7,7,NA,1,1,18,OO,K3,NA,NA,NA,NA,NA,NA,NA,K,FMT-M-DSS,
sample1005,1005,K4,18,2,7,7,NA,1,1,18,OO,K4,NA,NA,NA,NA,NA,NA,NA,K,FMT-M-DSS,
sample1006,1006,K5,18,2,7,7,NA,1,1,18,OO,K5,NA,NA,NA,NA,NA,NA,NA,K,FMT-M-DSS,
sample1033,1033,FMT-YY-D11-S1-1,2,2,11,11,NA,1,NA,2,YY,S1,NA,NA,NA,NA,NA,NA,136,S,FMT-M,
sample1034,1034,FMT-YY-D11-S2-1,2,2,11,11,NA,1,NA,2,YY,S2,NA,NA,NA,NA,NA,NA,137,S,FMT-M,
sample1035,1035,FMT-YY-D11-S3-1,2,2,11,11,NA,1,NA,2,YY,S3,NA,NA,NA,NA,NA,NA,138,S,FMT-M,
sample1036,1036,FMT-YY-D11-S4-1,2,2,11,11,NA,1,NA,2,YY,S4,NA,NA,NA,NA,NA,NA,139,S,FMT-M,
sample1037,1037,FMT-YY-D11-S5-1,2,2,11,11,NA,1,NA,2,YY,S5,NA,NA,NA,NA,NA,NA,140,S,FMT-M,
sample1042,1042,U1,2,2,11,11,NA,1,1,2,YY,U1,NA,NA,NA,NA,NA,NA,NA,U,FMT-M-DSS,
sample1043,1043,U2,2,2,11,11,NA,1,1,2,YY,U2,NA,NA,NA,NA,NA,NA,NA,U,FMT-M-DSS,
sample1044,1044,U3,2,2,11,11,NA,1,1,2,YY,U3,NA,NA,NA,NA,NA,NA,NA,U,FMT-M-DSS,
sample1045,1045,U4,2,2,11,11,NA,1,1,2,YY,U4,NA,NA,NA,NA,NA,NA,NA,U,FMT-M-DSS,
sample1046,1046,U5,2,2,11,11,NA,1,1,2,YY,U5,NA,NA,NA,NA,NA,NA,NA,U,FMT-M-DSS,
sample1047,1047,FMT-YO-D11-G1-1,18,2,11,11,NA,1,NA,2,YO,G1,NA,NA,NA,NA,NA,NA,141,G,FMT-UM,
sample1048,1048,FMT-YO-D11-G2-1,18,2,11,11,NA,1,NA,2,YO,G2,NA,NA,NA,NA,NA,NA,142,G,FMT-UM,
sample1049,1049,FMT-YO-D11-G3-1,18,2,11,11,NA,1,NA,2,YO,G3,NA,NA,NA,NA,NA,NA,143,G,FMT-UM,
sample1050,1050,FMT-YO-D11-G4-1,18,2,11,11,NA,1,NA,2,YO,G4,NA,NA,NA,NA,NA,NA,144,G,FMT-UM,
sample1051,1051,FMT-YO-D11-G5-1,18,2,11,11,NA,1,NA,2,YO,G5,NA,NA,NA,NA,NA,NA,145,G,FMT-UM,
sample1052,1052,H1,18,2,11,11,NA,1,1,2,YO,H1,NA,NA,NA,NA,NA,NA,NA,H,FMT-UM-DSS,
sample1053,1053,H2,18,2,11,11,NA,1,1,2,YO,H2,NA,NA,NA,NA,NA,NA,NA,H,FMT-UM-DSS,
sample1054,1054,H3,18,2,11,11,NA,1,1,2,YO,H3,NA,NA,NA,NA,NA,NA,NA,H,FMT-UM-DSS,
sample1055,1055,H4,18,2,11,11,NA,1,1,2,YO,H4,NA,NA,NA,NA,NA,NA,NA,H,FMT-UM-DSS,
sample1056,1056,H5,18,2,11,11,NA,1,1,2,YO,H5,NA,NA,NA,NA,NA,NA,NA,H,FMT-UM-DSS,
sample1062,1062,V1,2,2,11,11,NA,1,1,18,OY,V1,NA,NA,NA,NA,NA,NA,NA,V,FMT-UM-DSS,
sample1063,1063,V2,2,2,11,11,NA,1,1,18,OY,V2,NA,NA,NA,NA,NA,NA,NA,V,FMT-UM-DSS,
sample1064,1064,V3,2,2,11,11,NA,1,1,18,OY,V3,NA,NA,NA,NA,NA,NA,NA,V,FMT-UM-DSS,
sample1065,1065,V4,2,2,11,11,NA,1,1,18,OY,V4,NA,NA,NA,NA,NA,NA,NA,V,FMT-UM-DSS,
sample1066,1066,V5,2,2,11,11,NA,1,1,18,OY,V5,NA,NA,NA,NA,NA,NA,NA,V,FMT-UM-DSS,
sample1067,1067,FMT-OY-D11-W1-1,2,2,11,11,NA,1,NA,18,OY,W1,NA,NA,NA,NA,NA,NA,146,W,FMT-UM,
sample1068,1068,FMT-OY-D11-W2-1,2,2,11,11,NA,1,NA,18,OY,W2,NA,NA,NA,NA,NA,NA,147,W,FMT-UM,
sample1069,1069,FMT-OY-D11-W3-1,2,2,11,11,NA,1,NA,18,OY,W3,NA,NA,NA,NA,NA,NA,148,W,FMT-UM,
sample1070,1070,FMT-OY-D11-W4-1,2,2,11,11,NA,1,NA,18,OY,W4,NA,NA,NA,NA,NA,NA,149,W,FMT-UM,
sample1071,1071,FMT-OY-D11-W5-1,2,2,11,11,NA,1,NA,18,OY,W5,NA,NA,NA,NA,NA,NA,150,W,FMT-UM,
sample1077,1077,FMT-OO-D11-J1-1,18,2,11,11,NA,1,NA,18,OO,J1,NA,NA,NA,NA,NA,NA,151,J,FMT-M,
sample1078,1078,FMT-OO-D11-J2-1,18,2,11,11,NA,1,NA,18,OO,J2,NA,NA,NA,NA,NA,NA,152,J,FMT-M,
sample1079,1079,FMT-OO-D11-J3-1,18,2,11,11,NA,1,NA,18,OO,J3,NA,NA,NA,NA,NA,NA,153,J,FMT-M,
sample1080,1080,FMT-OO-D11-J4-1,18,2,11,11,NA,1,NA,18,OO,J4,NA,NA,NA,NA,NA,NA,154,J,FMT-M,
sample1081,1081,FMT-OO-D11-J5-1,18,2,11,11,NA,1,NA,18,OO,J5,NA,NA,NA,NA,NA,NA,155,J,FMT-M,
sample1082,1082,K1,18,2,11,11,NA,1,1,18,OO,K1,NA,NA,NA,NA,NA,NA,NA,K,FMT-M-DSS,
sample1083,1083,K2,18,2,11,11,NA,1,1,18,OO,K2,NA,NA,NA,NA,NA,NA,NA,K,FMT-M-DSS,
sample1084,1084,K3,18,2,11,11,NA,1,1,18,OO,K3,NA,NA,NA,NA,NA,NA,NA,K,FMT-M-DSS,
sample1085,1085,K4,18,2,11,11,NA,1,1,18,OO,K4,NA,NA,NA,NA,NA,NA,NA,K,FMT-M-DSS,
sample1086,1086,K5,18,2,11,11,NA,1,1,18,OO,K5,NA,NA,NA,NA,NA,NA,NA,K,FMT-M-DSS,
sample1102,1102,FMT-YY-D14-S1-1,2,2,14,14,NA,1,NA,2,YY,S1,NA,NA,NA,NA,NA,NA,161,S,FMT-M,
sample1103,1103,FMT-YY-D14-S2-1,2,2,14,14,NA,1,NA,2,YY,S2,NA,NA,NA,NA,NA,NA,162,S,FMT-M,
sample1104,1104,FMT-YY-D14-S3-1,2,2,14,14,NA,1,NA,2,YY,S3,NA,NA,NA,NA,NA,NA,163,S,FMT-M,
sample1105,1105,FMT-YY-D14-S4-1,2,2,14,14,NA,1,NA,2,YY,S4,NA,NA,NA,NA,NA,NA,164,S,FMT-M,
sample1106,1106,FMT-YY-D14-S5-1,2,2,14,14,NA,1,NA,2,YY,S5,NA,NA,NA,NA,NA,NA,165,S,FMT-M,
sample1111,1111,U1,2,2,14,14,NA,1,1,2,YY,U1,NA,NA,NA,NA,NA,NA,NA,U,FMT-M-DSS,
sample1112,1112,U2,2,2,14,14,NA,1,1,2,YY,U2,NA,NA,NA,NA,NA,NA,NA,U,FMT-M-DSS,
sample1113,1113,U3,2,2,14,14,NA,1,1,2,YY,U3,NA,NA,NA,NA,NA,NA,NA,U,FMT-M-DSS,
sample1114,1114,U4,2,2,14,14,NA,1,1,2,YY,U4,NA,NA,NA,NA,NA,NA,NA,U,FMT-M-DSS,
sample1115,1115,U5,2,2,14,14,NA,1,1,2,YY,U5,NA,NA,NA,NA,NA,NA,NA,U,FMT-M-DSS,
sample1116,1116,FMT-YO-D14-G1-1,18,2,14,14,NA,1,NA,2,YO,G1,NA,NA,NA,NA,NA,NA,166,G,FMT-UM,
sample1117,1117,FMT-YO-D14-G2-1,18,2,14,14,NA,1,NA,2,YO,G2,NA,NA,NA,NA,NA,NA,167,G,FMT-UM,
sample1118,1118,FMT-YO-D14-G3-1,18,2,14,14,NA,1,NA,2,YO,G3,NA,NA,NA,NA,NA,NA,168,G,FMT-UM,
sample1119,1119,FMT-YO-D14-G4-1,18,2,14,14,NA,1,NA,2,YO,G4,NA,NA,NA,NA,NA,NA,169,G,FMT-UM,
sample1120,1120,FMT-YO-D14-G5-1,18,2,14,14,NA,1,NA,2,YO,G5,NA,NA,NA,NA,NA,NA,170,G,FMT-UM,
sample1121,1121,H1,18,2,14,14,NA,1,1,2,YO,H1,NA,NA,NA,NA,NA,NA,NA,H,FMT-UM-DSS,
sample1122,1122,H2,18,2,14,14,NA,1,1,2,YO,H2,NA,NA,NA,NA,NA,NA,NA,H,FMT-UM-DSS,
sample1123,1123,H3,18,2,14,14,NA,1,1,2,YO,H3,NA,NA,NA,NA,NA,NA,NA,H,FMT-UM-DSS,
sample1124,1124,H4,18,2,14,14,NA,1,1,2,YO,H4,NA,NA,NA,NA,NA,NA,NA,H,FMT-UM-DSS,
sample1125,1125,H5,18,2,14,14,NA,1,1,2,YO,H5,NA,NA,NA,NA,NA,NA,NA,H,FMT-UM-DSS,
sample1563,1563,V1,2,2,14,14,NA,1,1,18,OY,V1,NA,NA,NA,NA,NA,NA,NA,V,FMT-UM-DSS,
sample1564,1564,V2,2,2,14,14,NA,1,1,18,OY,V2,NA,NA,NA,NA,NA,NA,NA,V,FMT-UM-DSS,
sample1565,1565,V3,2,2,14,14,NA,1,1,18,OY,V3,NA,NA,NA,NA,NA,NA,NA,V,FMT-UM-DSS,
sample1566,1566,V4,2,2,14,14,NA,1,1,18,OY,V4,NA,NA,NA,NA,NA,NA,NA,V,FMT-UM-DSS,
sample1567,1567,V5,2,2,14,14,NA,1,1,18,OY,V5,NA,NA,NA,NA,NA,NA,NA,V,FMT-UM-DSS,
sample1568,1568,FMT-OY-D14-W1-1,2,2,14,14,NA,1,NA,18,OY,W1,NA,NA,NA,NA,NA,NA,268,W,FMT-UM,
sample1569,1569,FMT-OY-D14-W2-1,2,2,14,14,NA,1,NA,18,OY,W2,NA,NA,NA,NA,NA,NA,269,W,FMT-UM,
sample1570,1570,FMT-OY-D14-W3-1,2,2,14,14,NA,1,NA,18,OY,W3,NA,NA,NA,NA,NA,NA,270,W,FMT-UM,
sample1571,1571,FMT-OY-D14-W4-1,2,2,14,14,NA,1,NA,18,OY,W4,NA,NA,NA,NA,NA,NA,271,W,FMT-UM,
sample1572,1572,FMT-OY-D14-W5-1,2,2,14,14,NA,1,NA,18,OY,W5,NA,NA,NA,NA,NA,NA,272,W,FMT-UM,
sample1578,1578,FMT-OO-D14-J1-1,18,2,14,14,NA,1,NA,18,OO,J1,NA,NA,NA,NA,NA,NA,273,J,FMT-M,
sample1579,1579,FMT-OO-D14-J2-1,18,2,14,14,NA,1,NA,18,OO,J2,NA,NA,NA,NA,NA,NA,274,J,FMT-M,
sample1012,1012,NA,NA,2,NA,NA,NA,NA,NA,NA,NA,NA,NA,NA,NA,NA,NA,NA,NA,N,ABH,
sample1013,1013,NA,NA,2,NA,NA,NA,NA,NA,NA,NA,NA,NA,NA,NA,NA,NA,NA,NA,N,ABH,
sample1014,1014,NA,NA,2,NA,NA,NA,NA,NA,NA,NA,NA,NA,NA,NA,NA,NA,NA,NA,N,ABH,
sample1015,1015,NA,NA,2,NA,NA,NA,NA,NA,NA,NA,NA,NA,NA,NA,NA,NA,NA,NA,N,ABH,
sample1016,1016,NA,NA,2,NA,NA,NA,NA,NA,NA,NA,NA,NA,NA,NA,NA,NA,NA,NA,N,ABH,
sample1017,1017,NA,NA,2,NA,NA,NA,NA,NA,NA,NA,NA,NA,NA,NA,NA,NA,NA,NA,N,ABH,
sample1018,1018,NA,NA,2,NA,NA,NA,NA,NA,NA,NA,NA,NA,NA,NA,NA,NA,NA,NA,N,ABH,
sample1019,1019,NA,NA,2,NA,NA,NA,NA,NA,NA,NA,NA,NA,NA,NA,NA,NA,NA,NA,N,ABH,
sample1020,1020,NA,NA,2,NA,NA,NA,NA,NA,NA,NA,NA,NA,NA,NA,NA,NA,NA,NA,N,ABH,
sample1021,1021,NA,NA,2,NA,NA,NA,NA,NA,NA,NA,NA,NA,NA,NA,NA,NA,NA,NA,N,ABH,
sample1022,1022,NA,NA,2,NA,NA,NA,NA,NA,NA,NA,NA,NA,NA,NA,NA,NA,NA,NA,N,ABH,
sample1023,1023,NA,NA,2,NA,NA,NA,NA,NA,NA,NA,NA,NA,NA,NA,NA,NA,NA,NA,N,ABH,
sample1024,1024,NA,NA,2,NA,NA,NA,NA,NA,NA,NA,NA,NA,NA,NA,NA,NA,NA,NA,N,ABH,
sample1025,1025,NA,NA,2,NA,NA,NA,NA,NA,NA,NA,NA,NA,NA,NA,NA,NA,NA,NA,N,ABH,
sample1026,1026,NA,NA,2,NA,NA,NA,NA,NA,NA,NA,NA,NA,NA,NA,NA,NA,NA,NA,N,ABH,
sample1027,1027,NA,NA,2,NA,NA,NA,NA,NA,NA,NA,NA,NA,NA,NA,NA,NA,NA,NA,N,ABH,
sample1028,1028,18-D21-F1-1,18,2,21,21,21,0,NA,NA,O2,F1,21,NA,1,NA,NA,NA,131,F,ABH,SR
sample1029,1029,18-D21-F2-1,18,2,21,21,21,0,NA,NA,O2,F2,21,NA,1,NA,NA,NA,132,F,ABH,SR
sample1030,1030,18-D21-F3-1,18,2,21,21,21,0,NA,NA,O2,F3,21,NA,1,NA,NA,NA,133,F,ABH,SR
sample1031,1031,18-D21-F4-1,18,2,21,21,21,0,NA,NA,O2,F4,21,NA,1,NA,NA,NA,134,F,ABH,SR
sample1032,1032,18-D21-F5-1,18,2,21,21,21,0,NA,NA,O2,F5,21,NA,1,NA,NA,NA,135,F,ABH,SR
sample1581,1581,FMT-OO-D14-J4-1,18,2,14,14,NA,1,NA,18,OO,J4,NA,NA,NA,NA,NA,NA,275,J,FMT-M,
sample1582,1582,FMT-OO-D14-J5-1,18,2,14,14,NA,1,NA,18,OO,J5,NA,NA,NA,NA,NA,NA,276,J,FMT-M,
sample1583,1583,K1,18,2,14,14,NA,1,1,18,OO,K1,NA,NA,NA,NA,NA,NA,NA,K,FMT-M-DSS,
sample1584,1584,K2,18,2,14,14,NA,1,1,18,OO,K2,NA,NA,NA,NA,NA,NA,NA,K,FMT-M-DSS,
sample1585,1585,K3,18,2,14,14,NA,1,1,18,OO,K3,NA,NA,NA,NA,NA,NA,NA,K,FMT-M-DSS,
sample1586,1586,K4,18,2,14,14,NA,1,1,18,OO,K4,NA,NA,NA,NA,NA,NA,NA,K,FMT-M-DSS,
sample1587,1587,K5,18,2,14,14,NA,1,1,18,OO,K5,NA,NA,NA,NA,NA,NA,NA,K,FMT-M-DSS,
sample1160,1160,FMT-YY-D21-S1-1,2,2,21,21,NA,1,NA,2,YY,S1,NA,NA,NA,NA,NA,NA,181,S,FMT-M,
sample1161,1161,FMT-YY-D21-S2-1,2,2,21,21,NA,1,NA,2,YY,S2,NA,NA,NA,NA,NA,NA,182,S,FMT-M,
sample1162,1162,FMT-YY-D21-S3-1,2,2,21,21,NA,1,NA,2,YY,S3,NA,NA,NA,NA,NA,NA,183,S,FMT-M,
sample1163,1163,FMT-YY-D21-S4-1,2,2,21,21,NA,1,NA,2,YY,S4,NA,NA,NA,NA,NA,NA,184,S,FMT-M,
sample1164,1164,FMT-YY-D21-S5-1,2,2,21,21,NA,1,NA,2,YY,S5,NA,NA,NA,NA,NA,NA,185,S,FMT-M,
sample1169,1169,U1,2,2,21,21,NA,1,1,2,YY,U1,NA,NA,NA,NA,NA,NA,NA,U,FMT-M-DSS,
sample1170,1170,U2,2,2,21,21,NA,1,1,2,YY,U2,NA,NA,NA,NA,NA,NA,NA,U,FMT-M-DSS,
sample1171,1171,U3,2,2,21,21,NA,1,1,2,YY,U3,NA,NA,NA,NA,NA,NA,NA,U,FMT-M-DSS,
sample1172,1172,U4,2,2,21,21,NA,1,1,2,YY,U4,NA,NA,NA,NA,NA,NA,NA,U,FMT-M-DSS,
sample1173,1173,U5,2,2,21,21,NA,1,1,2,YY,U5,NA,NA,NA,NA,NA,NA,NA,U,FMT-M-DSS,
sample1174,1174,FMT-YO-D21-G1-1,18,2,21,21,NA,1,NA,2,YO,G1,NA,NA,NA,NA,NA,NA,186,G,FMT-UM,
sample1175,1175,FMT-YO-D21-G2-1,18,2,21,21,NA,1,NA,2,YO,G2,NA,NA,NA,NA,NA,NA,187,G,FMT-UM,
sample1176,1176,FMT-YO-D21-G3-1,18,2,21,21,NA,1,NA,2,YO,G3,NA,NA,NA,NA,NA,NA,188,G,FMT-UM,
sample1177,1177,FMT-YO-D21-G4-1,18,2,21,21,NA,1,NA,2,YO,G4,NA,NA,NA,NA,NA,NA,189,G,FMT-UM,
sample1178,1178,FMT-YO-D21-G5-1,18,2,21,21,NA,1,NA,2,YO,G5,NA,NA,NA,NA,NA,NA,190,G,FMT-UM,
sample1179,1179,H1,18,2,21,21,-4,1,1,2,YO,H1,NA,NA,NA,NA,NA,NA,NA,H,FMT-UM-DSS,
sample1180,1180,H2,18,2,21,21,-4,1,1,2,YO,H2,NA,NA,NA,NA,NA,NA,NA,H,FMT-UM-DSS,
sample1181,1181,H3,18,2,21,21,-4,1,1,2,YO,H3,NA,NA,NA,NA,NA,NA,NA,H,FMT-UM-DSS,
sample1182,1182,H4,18,2,21,21,-4,1,1,2,YO,H4,NA,NA,NA,NA,NA,NA,NA,H,FMT-UM-DSS,
sample1183,1183,H5,18,2,21,21,-4,1,1,2,YO,H5,NA,NA,NA,NA,NA,NA,NA,H,FMT-UM-DSS,
sample1189,1189,V1,2,2,21,21,NA,1,1,18,OY,V1,NA,NA,NA,NA,NA,NA,NA,V,FMT-UM-DSS,
sample1190,1190,V2,2,2,21,21,NA,1,1,18,OY,V2,NA,NA,NA,NA,NA,NA,NA,V,FMT-UM-DSS,
sample1191,1191,V3,2,2,21,21,NA,1,1,18,OY,V3,NA,NA,NA,NA,NA,NA,NA,V,FMT-UM-DSS,
sample1192,1192,V4,2,2,21,21,NA,1,1,18,OY,V4,NA,NA,NA,NA,NA,NA,NA,V,FMT-UM-DSS,
sample1193,1193,V5,2,2,21,21,NA,1,1,18,OY,V5,NA,NA,NA,NA,NA,NA,NA,V,FMT-UM-DSS,
sample1194,1194,FMT-OY-D21-W1-1,2,2,21,21,NA,1,NA,18,OY,W1,NA,NA,NA,NA,NA,NA,191,W,FMT-UM,
sample1195,1195,FMT-OY-D21-W2-1,2,2,21,21,NA,1,NA,18,OY,W2,NA,NA,NA,NA,NA,NA,192,W,FMT-UM,
sample1196,1196,FMT-OY-D21-W3-1,2,2,21,21,NA,1,NA,18,OY,W3,NA,NA,NA,NA,NA,NA,193,W,FMT-UM,
sample1197,1197,FMT-OY-D21-W4-1,2,2,21,21,NA,1,NA,18,OY,W4,NA,NA,NA,NA,NA,NA,194,W,FMT-UM,
sample1198,1198,FMT-OY-D21-W5-1,2,2,21,21,NA,1,NA,18,OY,W5,NA,NA,NA,NA,NA,NA,195,W,FMT-UM,
sample1204,1204,FMT-OO-D21-J1-1,18,2,21,21,NA,1,NA,18,OO,J1,NA,NA,NA,NA,NA,NA,196,J,FMT-M,
sample1206,1206,FMT-OO-D21-J3-1,18,2,21,21,NA,1,NA,18,OO,J3,NA,NA,NA,NA,NA,NA,197,J,FMT-M,
sample1207,1207,FMT-OO-D21-J4-1,18,2,21,21,NA,1,NA,18,OO,J4,NA,NA,NA,NA,NA,NA,198,J,FMT-M,
sample1208,1208,FMT-OO-D21-J5-1,18,2,21,21,NA,1,NA,18,OO,J5,NA,NA,NA,NA,NA,NA,199,J,FMT-M,
sample1209,1209,K1,18,2,21,21,-4,1,1,18,OO,K1,NA,NA,NA,NA,NA,NA,NA,K,FMT-M-DSS,
sample1210,1210,K2,18,2,21,21,-4,1,1,18,OO,K2,NA,NA,NA,NA,NA,NA,NA,K,FMT-M-DSS,
sample1211,1211,K3,18,2,21,21,-4,1,1,18,OO,K3,NA,NA,NA,NA,NA,NA,NA,K,FMT-M-DSS,
sample1212,1212,K4,18,2,21,21,-4,1,1,18,OO,K4,NA,NA,NA,NA,NA,NA,NA,K,FMT-M-DSS,
sample1213,1213,K5,18,2,21,21,-4,1,1,18,OO,K5,NA,NA,NA,NA,NA,NA,NA,K,FMT-M-DSS,
sample1260,1260,U1,2,2,25,NA,0,1,1,2,YY,U1,NA,NA,NA,NA,NA,NA,NA,U,FMT-M-DSS,
sample1261,1261,U2,2,2,25,NA,0,1,1,2,YY,U2,NA,NA,NA,NA,NA,NA,NA,U,FMT-M-DSS,
sample1262,1262,U3,2,2,25,NA,0,1,1,2,YY,U3,NA,NA,NA,NA,NA,NA,NA,U,FMT-M-DSS,
sample1263,1263,U4,2,2,25,NA,0,1,1,2,YY,U4,NA,NA,NA,NA,NA,NA,NA,U,FMT-M-DSS,
sample1264,1264,U5,2,2,25,NA,0,1,1,2,YY,U5,NA,NA,NA,NA,NA,NA,NA,U,FMT-M-DSS,
sample1265,1265,H1,18,2,25,NA,0,1,1,2,YO,H1,NA,NA,NA,NA,NA,NA,NA,H,FMT-UM-DSS,
sample1266,1266,H2,18,2,25,NA,0,1,1,2,YO,H2,NA,NA,NA,NA,NA,NA,NA,H,FMT-UM-DSS,
sample1267,1267,H3,18,2,25,NA,0,1,1,2,YO,H3,NA,NA,NA,NA,NA,NA,NA,H,FMT-UM-DSS,
sample1268,1268,H4,18,2,25,NA,0,1,1,2,YO,H4,NA,NA,NA,NA,NA,NA,NA,H,FMT-UM-DSS,
sample1269,1269,H5,18,2,25,NA,0,1,1,2,YO,H5,NA,NA,NA,NA,NA,NA,NA,H,FMT-UM-DSS,
sample1275,1275,V1,2,2,25,NA,0,1,1,18,OY,V1,NA,NA,NA,NA,NA,NA,NA,V,FMT-UM-DSS,
sample1276,1276,V2,2,2,25,NA,0,1,1,18,OY,V2,NA,NA,NA,NA,NA,NA,NA,V,FMT-UM-DSS,
sample1277,1277,V3,2,2,25,NA,0,1,1,18,OY,V3,NA,NA,NA,NA,NA,NA,NA,V,FMT-UM-DSS,
sample1092,1092,18-D42-B1-1,18,0,42,21,21,0,NA,NA,O0,B1,21,NA,1,NA,NA,NA,156,B,Ctrl,
sample1093,1093,18-D42-B2-1,18,0,42,21,21,0,NA,NA,O0,B2,21,NA,1,NA,NA,NA,157,B,Ctrl,
sample1094,1094,18-D42-B3-1,18,0,42,21,21,0,NA,NA,O0,B3,21,NA,1,NA,NA,NA,158,B,Ctrl,
sample1095,1095,18-D42-B4-1,18,0,42,21,21,0,NA,NA,O0,B4,21,NA,1,NA,NA,NA,159,B,Ctrl,
sample1096,1096,18-D42-B5-1,18,0,42,21,21,0,NA,NA,O0,B5,21,NA,1,NA,NA,NA,160,B,Ctrl,
sample1278,1278,V4,2,2,25,NA,0,1,1,18,OY,V4,NA,NA,NA,NA,NA,NA,NA,V,FMT-UM-DSS,
sample1279,1279,V5,2,2,25,NA,0,1,1,18,OY,V5,NA,NA,NA,NA,NA,NA,NA,V,FMT-UM-DSS,
sample1286,1286,K2,18,2,25,NA,0,1,1,18,OO,K2,NA,NA,NA,NA,NA,NA,NA,K,FMT-M-DSS,
sample1287,1287,K3,18,2,25,NA,0,1,1,18,OO,K3,NA,NA,NA,NA,NA,NA,NA,K,FMT-M-DSS,
sample1288,1288,K4,18,2,25,NA,0,1,1,18,OO,K4,NA,NA,NA,NA,NA,NA,NA,K,FMT-M-DSS,
sample1289,1289,K5,18,2,25,NA,0,1,1,18,OO,K5,NA,NA,NA,NA,NA,NA,NA,K,FMT-M-DSS,
sample1299,1299,U1,2,2,26,NA,1,1,1,2,YY,U1,NA,NA,NA,NA,NA,NA,NA,U,FMT-M-DSS,
sample1300,1300,U2,2,2,26,NA,1,1,1,2,YY,U2,NA,NA,NA,NA,NA,NA,NA,U,FMT-M-DSS,
sample1301,1301,U3,2,2,26,NA,1,1,1,2,YY,U3,NA,NA,NA,NA,NA,NA,NA,U,FMT-M-DSS,
sample1302,1302,U4,2,2,26,NA,1,1,1,2,YY,U4,NA,NA,NA,NA,NA,NA,NA,U,FMT-M-DSS,
sample1303,1303,U5,2,2,26,NA,1,1,1,2,YY,U5,NA,NA,NA,NA,NA,NA,NA,U,FMT-M-DSS,
sample1304,1304,H1,18,2,26,NA,1,1,1,2,YO,H1,NA,NA,NA,NA,NA,NA,NA,H,FMT-UM-DSS,
sample1305,1305,H2,18,2,26,NA,1,1,1,2,YO,H2,NA,NA,NA,NA,NA,NA,NA,H,FMT-UM-DSS,
sample1306,1306,H3,18,2,26,NA,1,1,1,2,YO,H3,NA,NA,NA,NA,NA,NA,NA,H,FMT-UM-DSS,
sample1307,1307,H4,18,2,26,NA,1,1,1,2,YO,H4,NA,NA,NA,NA,NA,NA,NA,H,FMT-UM-DSS,
sample1308,1308,H5,18,2,26,NA,1,1,1,2,YO,H5,NA,NA,NA,NA,NA,NA,NA,H,FMT-UM-DSS,
sample1314,1314,V1,2,2,26,NA,1,1,1,18,OY,V1,NA,NA,NA,NA,NA,NA,NA,V,FMT-UM-DSS,
sample1315,1315,V2,2,2,26,NA,1,1,1,18,OY,V2,NA,NA,NA,NA,NA,NA,NA,V,FMT-UM-DSS,
sample1316,1316,V3,2,2,26,NA,1,1,1,18,OY,V3,NA,NA,NA,NA,NA,NA,NA,V,FMT-UM-DSS,
sample1317,1317,V4,2,2,26,NA,1,1,1,18,OY,V4,NA,NA,NA,NA,NA,NA,NA,V,FMT-UM-DSS,
sample1318,1318,V5,2,2,26,NA,1,1,1,18,OY,V5,NA,NA,NA,NA,NA,NA,NA,V,FMT-UM-DSS,
sample1325,1325,K2,18,2,26,NA,1,1,1,18,OO,K2,NA,NA,NA,NA,NA,NA,NA,K,FMT-M-DSS,
sample1326,1326,K3,18,2,26,NA,1,1,1,18,OO,K3,NA,NA,NA,NA,NA,NA,NA,K,FMT-M-DSS,
sample1327,1327,K4,18,2,26,NA,1,1,1,18,OO,K4,NA,NA,NA,NA,NA,NA,NA,K,FMT-M-DSS,
sample1328,1328,K5,18,2,26,NA,1,1,1,18,OO,K5,NA,NA,NA,NA,NA,NA,NA,K,FMT-M-DSS,
sample1355,1355,FMT-YY-D28-S1-1,2,2,28,28,NA,1,NA,2,YY,S1,NA,NA,NA,NA,NA,NA,210,S,FMT-M,
sample1128,1128,NA,NA,2,NA,NA,NA,NA,NA,NA,NA,NA,NA,NA,NA,NA,NA,NA,NA,N,ABH,
sample1129,1129,18-D28-F1-1,18,2,28,28,28,0,NA,NA,O2,F1,28,NA,1,NA,NA,NA,171,F,ABH,SR
sample1130,1130,18-D28-F2-1,18,2,28,28,28,0,NA,NA,O2,F2,28,NA,1,NA,NA,NA,172,F,ABH,SR
sample1131,1131,18-D28-F3-1,18,2,28,28,28,0,NA,NA,O2,F3,28,NA,1,NA,NA,NA,173,F,ABH,SR
sample1132,1132,18-D28-F4-1,18,2,28,28,28,0,NA,NA,O2,F4,28,NA,1,NA,NA,NA,174,F,ABH,SR
sample1133,1133,18-D28-F5-1,18,2,28,28,28,0,NA,NA,O2,F5,28,NA,1,NA,NA,NA,175,F,ABH,SR
sample1134,1134,NA,NA,2,NA,NA,NA,NA,NA,NA,NA,NA,NA,NA,NA,NA,NA,NA,NA,N,ABH,
sample1135,1135,NA,NA,2,NA,NA,NA,NA,NA,NA,NA,NA,NA,NA,NA,NA,NA,NA,NA,N,ABH,
sample1136,1136,NA,NA,2,NA,NA,NA,NA,NA,NA,NA,NA,NA,NA,NA,NA,NA,NA,NA,N,ABH,
sample1137,1137,NA,NA,2,NA,NA,NA,NA,NA,NA,NA,NA,NA,NA,NA,NA,NA,NA,NA,N,ABH,
sample1138,1138,NA,NA,2,NA,NA,NA,NA,NA,NA,NA,NA,NA,NA,NA,NA,NA,NA,NA,N,ABH,
sample1139,1139,NA,NA,2,NA,NA,NA,NA,NA,NA,NA,NA,NA,NA,NA,NA,NA,NA,NA,N,ABH,
sample1140,1140,NA,NA,NA,NA,NA,NA,NA,NA,NA,NA,NA,NA,NA,NA,NA,NA,NA,NA,N,,
sample1141,1141,NA,NA,2,NA,NA,NA,NA,NA,NA,NA,NA,NA,NA,NA,NA,NA,NA,NA,N,ABH,
sample1142,1142,NA,NA,2,NA,NA,NA,NA,NA,NA,NA,NA,NA,NA,NA,NA,NA,NA,NA,N,ABH,
sample1143,1143,NA,NA,NA,NA,NA,NA,NA,NA,NA,NA,NA,NA,NA,NA,NA,NA,NA,NA,N,,
sample1144,1144,NA,NA,2,NA,NA,NA,NA,NA,NA,NA,NA,NA,NA,NA,NA,NA,NA,NA,N,ABH,
sample1145,1145,NA,NA,2,NA,NA,NA,NA,NA,NA,NA,NA,NA,NA,NA,NA,NA,NA,NA,N,ABH,
sample1146,1146,NA,NA,2,NA,NA,NA,NA,NA,NA,NA,NA,NA,NA,NA,NA,NA,NA,NA,N,ABH,
sample1147,1147,NA,NA,2,NA,NA,NA,NA,NA,NA,NA,NA,NA,NA,NA,NA,NA,NA,NA,N,ABH,
sample1148,1148,NA,NA,2,NA,NA,NA,NA,NA,NA,NA,NA,NA,NA,NA,NA,NA,NA,NA,N,ABH,
sample1149,1149,NA,NA,2,NA,NA,NA,NA,NA,NA,NA,NA,NA,NA,NA,NA,NA,NA,NA,N,ABH,
sample1150,1150,18-D49-B1-1,18,0,49,28,28,0,NA,NA,O0,B1,28,NA,1,NA,NA,NA,176,B,Ctrl,
sample1151,1151,18-D49-B2-1,18,0,49,28,28,0,NA,NA,O0,B2,28,NA,1,NA,NA,NA,177,B,Ctrl,
sample1152,1152,18-D49-B3-1,18,0,49,28,28,0,NA,NA,O0,B3,28,NA,1,NA,NA,NA,178,B,Ctrl,
sample1153,1153,18-D49-B4-1,18,0,49,28,28,0,NA,NA,O0,B4,28,NA,1,NA,NA,NA,179,B,Ctrl,
sample1154,1154,18-D49-B5-1,18,0,49,28,28,0,NA,NA,O0,B5,28,NA,1,NA,NA,NA,180,B,Ctrl,
sample1356,1356,FMT-YY-D28-S2-1,2,2,28,28,NA,1,NA,2,YY,S2,NA,NA,NA,NA,NA,NA,211,S,FMT-M,
sample1357,1357,FMT-YY-D28-S3-1,2,2,28,28,NA,1,NA,2,YY,S3,NA,NA,NA,NA,NA,NA,212,S,FMT-M,
sample1358,1358,FMT-YY-D28-S4-1,2,2,28,28,NA,1,NA,2,YY,S4,NA,NA,NA,NA,NA,NA,213,S,FMT-M,
sample1359,1359,FMT-YY-D28-S5-1,2,2,28,28,NA,1,NA,2,YY,S5,NA,NA,NA,NA,NA,NA,214,S,FMT-M,
sample1360,1360,FMT-YO-D28-G1-1,18,2,28,28,NA,1,NA,2,YO,G1,NA,NA,NA,NA,NA,NA,215,G,FMT-UM,
sample1361,1361,FMT-YO-D28-G2-1,18,2,28,28,NA,1,NA,2,YO,G2,NA,NA,NA,NA,NA,NA,216,G,FMT-UM,
sample1362,1362,FMT-YO-D28-G3-1,18,2,28,28,NA,1,NA,2,YO,G3,NA,NA,NA,NA,NA,NA,217,G,FMT-UM,
sample1363,1363,FMT-YO-D28-G4-1,18,2,28,28,NA,1,NA,2,YO,G4,NA,NA,NA,NA,NA,NA,218,G,FMT-UM,
sample1364,1364,FMT-YO-D28-G5-1,18,2,28,28,NA,1,NA,2,YO,G5,NA,NA,NA,NA,NA,NA,219,G,FMT-UM,
sample1365,1365,FMT-OY-D28-W1-1,2,2,28,28,NA,1,NA,18,OY,W1,NA,NA,NA,NA,NA,NA,220,W,FMT-UM,
sample1366,1366,FMT-OY-D28-W2-1,2,2,28,28,NA,1,NA,18,OY,W2,NA,NA,NA,NA,NA,NA,221,W,FMT-UM,
sample1367,1367,FMT-OY-D28-W3-1,2,2,28,28,NA,1,NA,18,OY,W3,NA,NA,NA,NA,NA,NA,222,W,FMT-UM,
sample1368,1368,FMT-OY-D28-W4-1,2,2,28,28,NA,1,NA,18,OY,W4,NA,NA,NA,NA,NA,NA,223,W,FMT-UM,
sample1369,1369,FMT-OY-D28-W5-1,2,2,28,28,NA,1,NA,18,OY,W5,NA,NA,NA,NA,NA,NA,224,W,FMT-UM,
sample1370,1370,FMT-OO-D28-J1-1,18,2,28,28,NA,1,NA,18,OO,J1,NA,NA,NA,NA,NA,NA,225,J,FMT-M,
sample1371,1371,FMT-OO-D28-J3-1,18,2,28,28,NA,1,NA,18,OO,J3,NA,NA,NA,NA,NA,NA,226,J,FMT-M,
sample1372,1372,FMT-OO-D28-J4-1,18,2,28,28,NA,1,NA,18,OO,J4,NA,NA,NA,NA,NA,NA,227,J,FMT-M,
sample1373,1373,FMT-OO-D28-J5-1,18,2,28,28,NA,1,NA,18,OO,J5,NA,NA,NA,NA,NA,NA,228,J,FMT-M,
sample1378,1378,U1,2,2,29,NA,4,1,1,2,YY,U1,NA,NA,NA,NA,NA,NA,NA,U,FMT-M-DSS,
sample1379,1379,U2,2,2,29,NA,4,1,1,2,YY,U2,NA,NA,NA,NA,NA,NA,NA,U,FMT-M-DSS,
sample1380,1380,U3,2,2,29,NA,4,1,1,2,YY,U3,NA,NA,NA,NA,NA,NA,NA,U,FMT-M-DSS,
sample1381,1381,U4,2,2,29,NA,4,1,1,2,YY,U4,NA,NA,NA,NA,NA,NA,NA,U,FMT-M-DSS,
sample1382,1382,U5,2,2,29,NA,4,1,1,2,YY,U5,NA,NA,NA,NA,NA,NA,NA,U,FMT-M-DSS,
sample1383,1383,H1,18,2,29,NA,4,1,1,2,YO,H1,NA,NA,NA,NA,NA,NA,NA,H,FMT-UM-DSS,
sample1384,1384,H2,18,2,29,NA,4,1,1,2,YO,H2,NA,NA,NA,NA,NA,NA,NA,H,FMT-UM-DSS,
sample1385,1385,H3,18,2,29,NA,4,1,1,2,YO,H3,NA,NA,NA,NA,NA,NA,NA,H,FMT-UM-DSS,
sample1386,1386,H4,18,2,29,NA,4,1,1,2,YO,H4,NA,NA,NA,NA,NA,NA,NA,H,FMT-UM-DSS,
sample1387,1387,H5,18,2,29,NA,4,1,1,2,YO,H5,NA,NA,NA,NA,NA,NA,NA,H,FMT-UM-DSS,
sample1393,1393,V1,2,2,29,NA,4,1,1,18,OY,V1,NA,NA,NA,NA,NA,NA,NA,V,FMT-UM-DSS,
sample1394,1394,V2,2,2,29,NA,4,1,1,18,OY,V2,NA,NA,NA,NA,NA,NA,NA,V,FMT-UM-DSS,
sample1395,1395,V3,2,2,29,NA,4,1,1,18,OY,V3,NA,NA,NA,NA,NA,NA,NA,V,FMT-UM-DSS,
sample1396,1396,V4,2,2,29,NA,4,1,1,18,OY,V4,NA,NA,NA,NA,NA,NA,NA,V,FMT-UM-DSS,
sample1397,1397,V5,2,2,29,NA,4,1,1,18,OY,V5,NA,NA,NA,NA,NA,NA,NA,V,FMT-UM-DSS,
sample1404,1404,K2,18,2,29,NA,4,1,1,18,OO,K2,NA,NA,NA,NA,NA,NA,NA,K,FMT-M-DSS,
sample1405,1405,K3,18,2,29,NA,4,1,1,18,OO,K3,NA,NA,NA,NA,NA,NA,NA,K,FMT-M-DSS,
sample1406,1406,K4,18,2,29,NA,4,1,1,18,OO,K4,NA,NA,NA,NA,NA,NA,NA,K,FMT-M-DSS,
sample1407,1407,K5,18,2,29,NA,4,1,1,18,OO,K5,NA,NA,NA,NA,NA,NA,NA,K,FMT-M-DSS,
sample1443,1443,U1,2,2,32,NA,7,1,1,2,YY,U1,NA,NA,NA,NA,NA,NA,NA,U,FMT-M-DSS,
sample1444,1444,U2,2,2,32,NA,7,1,1,2,YY,U2,NA,NA,NA,NA,NA,NA,NA,U,FMT-M-DSS,
sample1445,1445,U3,2,2,32,NA,7,1,1,2,YY,U3,NA,NA,NA,NA,NA,NA,NA,U,FMT-M-DSS,
sample1446,1446,U4,2,2,32,NA,7,1,1,2,YY,U4,NA,NA,NA,NA,NA,NA,NA,U,FMT-M-DSS,
sample1447,1447,U5,2,2,32,NA,7,1,1,2,YY,U5,NA,NA,NA,NA,NA,NA,NA,U,FMT-M-DSS,
sample1448,1448,H1,18,2,32,NA,7,1,1,2,YO,H1,NA,NA,NA,NA,NA,NA,NA,H,FMT-UM-DSS,
sample1449,1449,H2,18,2,32,NA,7,1,1,2,YO,H2,NA,NA,NA,NA,NA,NA,NA,H,FMT-UM-DSS,
sample1450,1450,H3,18,2,32,NA,7,1,1,2,YO,H3,NA,NA,NA,NA,NA,NA,NA,H,FMT-UM-DSS,
sample1451,1451,H4,18,2,32,NA,7,1,1,2,YO,H4,NA,NA,NA,NA,NA,NA,NA,H,FMT-UM-DSS,
sample1452,1452,H5,18,2,32,NA,7,1,1,2,YO,H5,NA,NA,NA,NA,NA,NA,NA,H,FMT-UM-DSS,
sample1459,1459,V2,2,2,32,NA,7,1,1,18,OY,V2,NA,NA,NA,NA,NA,NA,NA,V,FMT-UM-DSS,
sample1460,1460,V3,2,2,32,NA,7,1,1,18,OY,V3,NA,NA,NA,NA,NA,NA,NA,V,FMT-UM-DSS,
sample1461,1461,V4,2,2,32,NA,7,1,1,18,OY,V4,NA,NA,NA,NA,NA,NA,NA,V,FMT-UM-DSS,
sample1462,1462,V5,2,2,32,NA,7,1,1,18,OY,V5,NA,NA,NA,NA,NA,NA,NA,V,FMT-UM-DSS,
sample1469,1469,K2,18,2,32,NA,7,1,1,18,OO,K2,NA,NA,NA,NA,NA,NA,NA,K,FMT-M-DSS,
sample1470,1470,K3,18,2,32,NA,7,1,1,18,OO,K3,NA,NA,NA,NA,NA,NA,NA,K,FMT-M-DSS,
sample1471,1471,K4,18,2,32,NA,7,1,1,18,OO,K4,NA,NA,NA,NA,NA,NA,NA,K,FMT-M-DSS,
sample1472,1472,K5,18,2,32,NA,7,1,1,18,OO,K5,NA,NA,NA,NA,NA,NA,NA,K,FMT-M-DSS,
sample1517,1517,FMT-YY-D35-S1-1,2,2,35,35,NA,1,NA,2,YY,S1,NA,NA,NA,NA,NA,NA,249,S,FMT-M,
sample1518,1518,FMT-YY-D35-S2-1,2,2,35,35,NA,1,NA,2,YY,S2,NA,NA,NA,NA,NA,NA,250,S,FMT-M,
sample1519,1519,FMT-YY-D35-S3-1,2,2,35,35,NA,1,NA,2,YY,S3,NA,NA,NA,NA,NA,NA,251,S,FMT-M,
sample1227,1227,NA,NA,2,NA,NA,NA,NA,NA,NA,NA,NA,NA,NA,NA,NA,NA,NA,NA,N,ABH,
sample1228,1228,NA,NA,2,NA,NA,NA,NA,NA,NA,NA,NA,NA,NA,NA,NA,NA,NA,NA,N,ABH,
sample1229,1229,NA,NA,2,NA,NA,NA,NA,NA,NA,NA,NA,NA,NA,NA,NA,NA,NA,NA,N,ABH,
sample1230,1230,NA,NA,2,NA,NA,NA,NA,NA,NA,NA,NA,NA,NA,NA,NA,NA,NA,NA,N,ABH,
sample1232,1232,NA,NA,2,NA,NA,NA,NA,NA,NA,NA,NA,NA,NA,NA,NA,NA,NA,NA,N,ABH,
sample1233,1233,NA,NA,2,NA,NA,NA,NA,NA,NA,NA,NA,NA,NA,NA,NA,NA,NA,NA,N,ABH,
sample1235,1235,18-D35-F1-1,18,2,35,35,35,0,NA,NA,O2,F1,35,NA,1,NA,NA,NA,200,F,ABH,SR
sample1236,1236,18-D35-F2-1,18,2,35,35,35,0,NA,NA,O2,F2,35,NA,1,NA,NA,NA,201,F,ABH,SR
sample1237,1237,18-D35-F3-1,18,2,35,35,35,0,NA,NA,O2,F3,35,NA,1,NA,NA,NA,202,F,ABH,SR
sample1238,1238,18-D35-F4-1,18,2,35,35,35,0,NA,NA,O2,F4,35,NA,1,NA,NA,NA,203,F,ABH,SR
sample1239,1239,18-D35-F5-1,18,2,35,35,35,0,NA,NA,O2,F5,35,NA,1,NA,NA,NA,204,F,ABH,SR
sample1248,1248,NA,NA,2,NA,NA,NA,NA,NA,NA,NA,NA,NA,NA,NA,NA,NA,NA,NA,N,ABH,
sample1249,1249,NA,NA,2,NA,NA,NA,NA,NA,NA,NA,NA,NA,NA,NA,NA,NA,NA,NA,N,ABH,
sample1250,1250,NA,NA,2,NA,NA,NA,NA,NA,NA,NA,NA,NA,NA,NA,NA,NA,NA,NA,N,ABH,
sample1251,1251,NA,NA,2,NA,NA,NA,NA,NA,NA,NA,NA,NA,NA,NA,NA,NA,NA,NA,N,ABH,
sample1253,1253,NA,NA,2,NA,NA,NA,NA,NA,NA,NA,NA,NA,NA,NA,NA,NA,NA,NA,N,ABH,
sample1254,1254,NA,NA,2,NA,NA,NA,NA,NA,NA,NA,NA,NA,NA,NA,NA,NA,NA,NA,N,ABH,
sample1520,1520,FMT-YY-D35-S4-1,2,2,35,35,NA,1,NA,2,YY,S4,NA,NA,NA,NA,NA,NA,252,S,FMT-M,
sample1521,1521,FMT-YY-D35-S5-1,2,2,35,35,NA,1,NA,2,YY,S5,NA,NA,NA,NA,NA,NA,253,S,FMT-M,
sample1526,1526,FMT-YO-D35-G1-1,18,2,35,35,NA,1,NA,2,YO,G1,NA,NA,NA,NA,NA,NA,254,G,FMT-UM,
sample1527,1527,FMT-YO-D35-G2-1,18,2,35,35,NA,1,NA,2,YO,G2,NA,NA,NA,NA,NA,NA,255,G,FMT-UM,
sample1528,1528,FMT-YO-D35-G3-1,18,2,35,35,NA,1,NA,2,YO,G3,NA,NA,NA,NA,NA,NA,256,G,FMT-UM,
sample1529,1529,FMT-YO-D35-G4-1,18,2,35,35,NA,1,NA,2,YO,G4,NA,NA,NA,NA,NA,NA,257,G,FMT-UM,
sample1530,1530,FMT-YO-D35-G5-1,18,2,35,35,NA,1,NA,2,YO,G5,NA,NA,NA,NA,NA,NA,258,G,FMT-UM,
sample1536,1536,FMT-OY-D35-W1-1,2,2,35,35,NA,1,NA,18,OY,W1,NA,NA,NA,NA,NA,NA,259,W,FMT-UM,
sample1537,1537,FMT-OY-D35-W2-1,2,2,35,35,NA,1,NA,18,OY,W2,NA,NA,NA,NA,NA,NA,260,W,FMT-UM,
sample1538,1538,FMT-OY-D35-W3-1,2,2,35,35,NA,1,NA,18,OY,W3,NA,NA,NA,NA,NA,NA,261,W,FMT-UM,
sample1539,1539,FMT-OY-D35-W4-1,2,2,35,35,NA,1,NA,18,OY,W4,NA,NA,NA,NA,NA,NA,262,W,FMT-UM,
sample1540,1540,FMT-OY-D35-W5-1,2,2,35,35,NA,1,NA,18,OY,W5,NA,NA,NA,NA,NA,NA,263,W,FMT-UM,
sample1545,1545,FMT-OO-D35-J1-1,18,2,35,35,NA,1,NA,18,OO,J1,NA,NA,NA,NA,NA,NA,264,J,FMT-M,
sample1546,1546,FMT-OO-D35-J3-1,18,2,35,35,NA,1,NA,18,OO,J3,NA,NA,NA,NA,NA,NA,265,J,FMT-M,
sample1547,1547,FMT-OO-D35-J4-1,18,2,35,35,NA,1,NA,18,OO,J4,NA,NA,NA,NA,NA,NA,266,J,FMT-M,
sample1548,1548,FMT-OO-D35-J5-1,18,2,35,35,NA,1,NA,18,OO,J5,NA,NA,NA,NA,NA,NA,267,J,FMT-M,
sample1608,1608,U1,2,2,36,NA,11,1,1,2,YY,U1,NA,NA,NA,NA,NA,NA,NA,U,FMT-M-DSS,
sample1609,1609,U2,2,2,36,NA,11,1,1,2,YY,U2,NA,NA,NA,NA,NA,NA,NA,U,FMT-M-DSS,
sample1610,1610,U3,2,2,36,NA,11,1,1,2,YY,U3,NA,NA,NA,NA,NA,NA,NA,U,FMT-M-DSS,
sample1611,1611,U4,2,2,36,NA,11,1,1,2,YY,U4,NA,NA,NA,NA,NA,NA,NA,U,FMT-M-DSS,
sample1612,1612,U5,2,2,36,NA,11,1,1,2,YY,U5,NA,NA,NA,NA,NA,NA,NA,U,FMT-M-DSS,
sample1613,1613,H1,18,2,36,NA,11,1,1,2,YO,H1,NA,NA,NA,NA,NA,NA,NA,H,FMT-UM-DSS,
sample1614,1614,H2,18,2,36,NA,11,1,1,2,YO,H2,NA,NA,NA,NA,NA,NA,NA,H,FMT-UM-DSS,
sample1615,1615,H3,18,2,36,NA,11,1,1,2,YO,H3,NA,NA,NA,NA,NA,NA,NA,H,FMT-UM-DSS,
sample1616,1616,H4,18,2,36,NA,11,1,1,2,YO,H4,NA,NA,NA,NA,NA,NA,NA,H,FMT-UM-DSS,
sample1617,1617,H5,18,2,36,NA,11,1,1,2,YO,H5,NA,NA,NA,NA,NA,NA,NA,H,FMT-UM-DSS,
sample1618,1618,V1,2,2,36,NA,11,1,1,18,OY,V1,NA,NA,NA,NA,NA,NA,NA,V,FMT-UM-DSS,
sample1619,1619,V2,2,2,36,NA,11,1,1,18,OY,V2,NA,NA,NA,NA,NA,NA,NA,V,FMT-UM-DSS,
sample1620,1620,V3,2,2,36,NA,11,1,1,18,OY,V3,NA,NA,NA,NA,NA,NA,NA,V,FMT-UM-DSS,
sample1621,1621,V4,2,2,36,NA,11,1,1,18,OY,V4,NA,NA,NA,NA,NA,NA,NA,V,FMT-UM-DSS,
sample1622,1622,V5,2,2,36,NA,11,1,1,18,OY,V5,NA,NA,NA,NA,NA,NA,NA,V,FMT-UM-DSS,
sample1624,1624,K2,18,2,36,NA,11,1,1,18,OO,K2,NA,NA,NA,NA,NA,NA,NA,K,FMT-M-DSS,
sample1625,1625,K3,18,2,36,NA,11,1,1,18,OO,K3,NA,NA,NA,NA,NA,NA,NA,K,FMT-M-DSS,
sample1626,1626,K4,18,2,36,NA,11,1,1,18,OO,K4,NA,NA,NA,NA,NA,NA,NA,K,FMT-M-DSS,
sample1627,1627,K5,18,2,36,NA,11,1,1,18,OO,K5,NA,NA,NA,NA,NA,NA,NA,K,FMT-M-DSS,
sample1645,1645,U1,2,2,39,NA,14,1,1,2,YY,U1,NA,NA,NA,NA,NA,NA,NA,U,FMT-M-DSS,
sample1646,1646,U2,2,2,39,NA,14,1,1,2,YY,U2,NA,NA,NA,NA,NA,NA,NA,U,FMT-M-DSS,
sample1647,1647,U3,2,2,39,NA,14,1,1,2,YY,U3,NA,NA,NA,NA,NA,NA,NA,U,FMT-M-DSS,
sample1342,1342,NA,NA,2,NA,NA,NA,NA,NA,NA,NA,NA,NA,NA,NA,NA,NA,NA,NA,N,ABH,
sample1343,1343,NA,NA,2,NA,NA,NA,NA,NA,NA,NA,NA,NA,NA,NA,NA,NA,NA,NA,N,ABH,
sample1344,1344,NA,NA,2,NA,NA,NA,NA,NA,NA,NA,NA,NA,NA,NA,NA,NA,NA,NA,N,ABH,
sample1345,1345,NA,NA,2,NA,NA,NA,NA,NA,NA,NA,NA,NA,NA,NA,NA,NA,NA,NA,N,ABH,
sample1347,1347,NA,NA,2,NA,NA,NA,NA,NA,NA,NA,NA,NA,NA,NA,NA,NA,NA,NA,N,ABH,
sample1348,1348,NA,NA,2,NA,NA,NA,NA,NA,NA,NA,NA,NA,NA,NA,NA,NA,NA,NA,N,ABH,
sample1350,1350,18-D56-B1-1,18,0,56,35,35,0,NA,NA,O0,B1,35,NA,1,NA,NA,NA,205,B,Ctrl,
sample1351,1351,18-D56-B2-1,18,0,56,35,35,0,NA,NA,O0,B2,35,NA,1,NA,NA,NA,206,B,Ctrl,
sample1352,1352,18-D56-B3-1,18,0,56,35,35,0,NA,NA,O0,B3,35,NA,1,NA,NA,NA,207,B,Ctrl,
sample1353,1353,18-D56-B4-1,18,0,56,35,35,0,NA,NA,O0,B4,35,NA,1,NA,NA,NA,208,B,Ctrl,
sample1354,1354,18-D56-B5-1,18,0,56,35,35,0,NA,NA,O0,B5,35,NA,1,NA,NA,NA,209,B,Ctrl,
sample1648,1648,U4,2,2,39,NA,14,1,1,2,YY,U4,NA,NA,NA,NA,NA,NA,NA,U,FMT-M-DSS,
sample1649,1649,U5,2,2,39,NA,14,1,1,2,YY,U5,NA,NA,NA,NA,NA,NA,NA,U,FMT-M-DSS,
sample1650,1650,H1,18,2,39,NA,14,1,1,2,YO,H1,NA,NA,NA,NA,NA,NA,NA,H,FMT-UM-DSS,
sample1651,1651,H2,18,2,39,NA,14,1,1,2,YO,H2,NA,NA,NA,NA,NA,NA,NA,H,FMT-UM-DSS,
sample1652,1652,H3,18,2,39,NA,14,1,1,2,YO,H3,NA,NA,NA,NA,NA,NA,NA,H,FMT-UM-DSS,
sample1653,1653,H4,18,2,39,NA,14,1,1,2,YO,H4,NA,NA,NA,NA,NA,NA,NA,H,FMT-UM-DSS,
sample1654,1654,H5,18,2,39,NA,14,1,1,2,YO,H5,NA,NA,NA,NA,NA,NA,NA,H,FMT-UM-DSS,
sample1655,1655,V1,2,2,39,NA,14,1,1,18,OY,V1,NA,NA,NA,NA,NA,NA,NA,V,FMT-UM-DSS,
sample1656,1656,V2,2,2,39,NA,14,1,1,18,OY,V2,NA,NA,NA,NA,NA,NA,NA,V,FMT-UM-DSS,
sample1657,1657,V3,2,2,39,NA,14,1,1,18,OY,V3,NA,NA,NA,NA,NA,NA,NA,V,FMT-UM-DSS,
sample1658,1658,V4,2,2,39,NA,14,1,1,18,OY,V4,NA,NA,NA,NA,NA,NA,NA,V,FMT-UM-DSS,
sample1659,1659,V5,2,2,39,NA,14,1,1,18,OY,V5,NA,NA,NA,NA,NA,NA,NA,V,FMT-UM-DSS,
sample1661,1661,K2,18,2,39,NA,14,1,1,18,OO,K2,NA,NA,NA,NA,NA,NA,NA,K,FMT-M-DSS,
sample1662,1662,K3,18,2,39,NA,14,1,1,18,OO,K3,NA,NA,NA,NA,NA,NA,NA,K,FMT-M-DSS,
sample1663,1663,K4,18,2,39,NA,14,1,1,18,OO,K4,NA,NA,NA,NA,NA,NA,NA,K,FMT-M-DSS,
sample1664,1664,K5,18,2,39,NA,14,1,1,18,OO,K5,NA,NA,NA,NA,NA,NA,NA,K,FMT-M-DSS,
sample1675,1675,FMT-YY-D42-S1-1,2,2,42,42,NA,1,NA,2,YY,S1,NA,NA,NA,NA,NA,NA,297,S,FMT-M,
sample1676,1676,FMT-YY-D42-S2-1,2,2,42,42,NA,1,NA,2,YY,S2,NA,NA,NA,NA,NA,NA,298,S,FMT-M,
sample1677,1677,FMT-YY-D42-S3-1,2,2,42,42,NA,1,NA,2,YY,S3,NA,NA,NA,NA,NA,NA,299,S,FMT-M,
sample1678,1678,FMT-YY-D42-S4-1,2,2,42,42,NA,1,NA,2,YY,S4,NA,NA,NA,NA,NA,NA,300,S,FMT-M,
sample1679,1679,FMT-YY-D42-S5-1,2,2,42,42,NA,1,NA,2,YY,S5,NA,NA,NA,NA,NA,NA,301,S,FMT-M,
sample1680,1680,FMT-YO-D42-G1-1,18,2,42,42,NA,1,NA,2,YO,G1,NA,NA,NA,NA,NA,NA,302,G,FMT-UM,
sample1681,1681,FMT-YO-D42-G2-1,18,2,42,42,NA,1,NA,2,YO,G2,NA,NA,NA,NA,NA,NA,303,G,FMT-UM,
sample1682,1682,FMT-YO-D42-G3-1,18,2,42,42,NA,1,NA,2,YO,G3,NA,NA,NA,NA,NA,NA,304,G,FMT-UM,
sample1683,1683,FMT-YO-D42-G4-1,18,2,42,42,NA,1,NA,2,YO,G4,NA,NA,NA,NA,NA,NA,305,G,FMT-UM,
sample1684,1684,FMT-YO-D42-G5-1,18,2,42,42,NA,1,NA,2,YO,G5,NA,NA,NA,NA,NA,NA,306,G,FMT-UM,
sample1685,1685,FMT-OY-D42-W1-1,2,2,42,42,NA,1,NA,18,OY,W1,NA,NA,NA,NA,NA,NA,307,W,FMT-UM,
sample1686,1686,FMT-OY-D42-W2-1,2,2,42,42,NA,1,NA,18,OY,W2,NA,NA,NA,NA,NA,NA,308,W,FMT-UM,
sample1687,1687,FMT-OY-D42-W3-1,2,2,42,42,NA,1,NA,18,OY,W3,NA,NA,NA,NA,NA,NA,309,W,FMT-UM,
sample1688,1688,FMT-OY-D42-W4-1,2,2,42,42,NA,1,NA,18,OY,W4,NA,NA,NA,NA,NA,NA,310,W,FMT-UM,
sample1689,1689,FMT-OY-D42-W5-1,2,2,42,42,NA,1,NA,18,OY,W5,NA,NA,NA,NA,NA,NA,311,W,FMT-UM,
sample1690,1690,FMT-OO-D42-J1-1,18,2,42,42,NA,1,NA,18,OO,J1,NA,NA,NA,NA,NA,NA,312,J,FMT-M,
sample1691,1691,FMT-OO-D42-J3-1,18,2,42,42,NA,1,NA,18,OO,J3,NA,NA,NA,NA,NA,NA,313,J,FMT-M,
sample1692,1692,FMT-OO-D42-J4-1,18,2,42,42,NA,1,NA,18,OO,J4,NA,NA,NA,NA,NA,NA,314,J,FMT-M,
sample1693,1693,FMT-OO-D42-J5-1,18,2,42,42,NA,1,NA,18,OO,J5,NA,NA,NA,NA,NA,NA,315,J,FMT-M,
sample1710,1710,H1,18,2,46,NA,21,1,1,2,YO,H1,NA,NA,NA,NA,NA,NA,NA,H,FMT-UM-DSS,
sample1711,1711,H2,18,2,46,NA,21,1,1,2,YO,H2,NA,NA,NA,NA,NA,NA,NA,H,FMT-UM-DSS,
sample1712,1712,H3,18,2,46,NA,21,1,1,2,YO,H3,NA,NA,NA,NA,NA,NA,NA,H,FMT-UM-DSS,
sample1421,1421,NA,NA,2,NA,NA,NA,NA,NA,NA,NA,NA,NA,NA,NA,NA,NA,NA,NA,N,ABH,
sample1422,1422,NA,NA,2,NA,NA,NA,NA,NA,NA,NA,NA,NA,NA,NA,NA,NA,NA,NA,N,ABH,
sample1423,1423,NA,NA,2,NA,NA,NA,NA,NA,NA,NA,NA,NA,NA,NA,NA,NA,NA,NA,N,ABH,
sample1424,1424,NA,NA,2,NA,NA,NA,NA,NA,NA,NA,NA,NA,NA,NA,NA,NA,NA,NA,N,ABH,
sample1426,1426,NA,NA,2,NA,NA,NA,NA,NA,NA,NA,NA,NA,NA,NA,NA,NA,NA,NA,N,ABH,
sample1427,1427,NA,NA,2,NA,NA,NA,NA,NA,NA,NA,NA,NA,NA,NA,NA,NA,NA,NA,N,ABH,
sample1434,1434,18-D42-F1-1,18,2,42,42,42,0,NA,NA,O2,F1,42,NA,1,NA,NA,NA,229,F,ABH,SR
sample1435,1435,18-D42-F2-1,18,2,42,42,42,0,NA,NA,O2,F2,42,NA,1,NA,NA,NA,230,F,ABH,SR
sample1436,1436,18-D42-F3-1,18,2,42,42,42,0,NA,NA,O2,F3,42,NA,1,NA,NA,NA,231,F,ABH,SR
sample1437,1437,18-D42-F4-1,18,2,42,42,42,0,NA,NA,O2,F4,42,NA,1,NA,NA,NA,232,F,ABH,SR
sample1438,1438,18-D42-F5-1,18,2,42,42,42,0,NA,NA,O2,F5,42,NA,1,NA,NA,NA,233,F,ABH,SR
sample1713,1713,H4,18,2,46,NA,21,1,1,2,YO,H4,NA,NA,NA,NA,NA,NA,NA,H,FMT-UM-DSS,
sample1714,1714,H5,18,2,46,NA,21,1,1,2,YO,H5,NA,NA,NA,NA,NA,NA,NA,H,FMT-UM-DSS,
sample1721,1721,K2,18,2,46,NA,21,1,1,18,OO,K2,NA,NA,NA,NA,NA,NA,NA,K,FMT-M-DSS,
sample1722,1722,K3,18,2,46,NA,21,1,1,18,OO,K3,NA,NA,NA,NA,NA,NA,NA,K,FMT-M-DSS,
sample1723,1723,K4,18,2,46,NA,21,1,1,18,OO,K4,NA,NA,NA,NA,NA,NA,NA,K,FMT-M-DSS,
sample1724,1724,K5,18,2,46,NA,21,1,1,18,OO,K5,NA,NA,NA,NA,NA,NA,NA,K,FMT-M-DSS,
sample1735,1735,FMT-YY-D49-S1-1,2,2,49,49,NA,1,NA,2,YY,S1,NA,NA,NA,NA,NA,NA,331,S,FMT-M,
sample1736,1736,FMT-YY-D49-S2-1,2,2,49,49,NA,1,NA,2,YY,S2,NA,NA,NA,NA,NA,NA,332,S,FMT-M,
sample1737,1737,FMT-YY-D49-S3-1,2,2,49,49,NA,1,NA,2,YY,S3,NA,NA,NA,NA,NA,NA,333,S,FMT-M,
sample1738,1738,FMT-YY-D49-S4-1,2,2,49,49,NA,1,NA,2,YY,S4,NA,NA,NA,NA,NA,NA,334,S,FMT-M,
sample1458,1458,NA,NA,2,NA,NA,NA,NA,NA,NA,NA,NA,NA,NA,NA,NA,NA,NA,NA,N,ABH,
sample1739,1739,FMT-YY-D49-S5-1,2,2,49,49,NA,1,NA,2,YY,S5,NA,NA,NA,NA,NA,NA,335,S,FMT-M,
sample1740,1740,FMT-YO-D49-G1-1,18,2,49,49,NA,1,NA,2,YO,G1,NA,NA,NA,NA,NA,NA,336,G,FMT-UM,
sample1741,1741,FMT-YO-D49-G2-1,18,2,49,49,NA,1,NA,2,YO,G2,NA,NA,NA,NA,NA,NA,337,G,FMT-UM,
sample1742,1742,FMT-YO-D49-G3-1,18,2,49,49,NA,1,NA,2,YO,G3,NA,NA,NA,NA,NA,NA,338,G,FMT-UM,
sample1743,1743,FMT-YO-D49-G4-1,18,2,49,49,NA,1,NA,2,YO,G4,NA,NA,NA,NA,NA,NA,339,G,FMT-UM,
sample1744,1744,FMT-YO-D49-G5-1,18,2,49,49,NA,1,NA,2,YO,G5,NA,NA,NA,NA,NA,NA,340,G,FMT-UM,
sample1745,1745,FMT-OY-D49-W1-1,2,2,49,49,NA,1,NA,18,OY,W1,NA,NA,NA,NA,NA,NA,341,W,FMT-UM,
sample1746,1746,FMT-OY-D49-W2-1,2,2,49,49,NA,1,NA,18,OY,W2,NA,NA,NA,NA,NA,NA,342,W,FMT-UM,
sample1485,1485,NA,NA,2,NA,NA,NA,NA,NA,NA,NA,NA,NA,NA,NA,NA,NA,NA,NA,N,ABH,
sample1486,1486,NA,NA,2,NA,NA,NA,NA,NA,NA,NA,NA,NA,NA,NA,NA,NA,NA,NA,N,ABH,
sample1487,1487,NA,NA,2,NA,NA,NA,NA,NA,NA,NA,NA,NA,NA,NA,NA,NA,NA,NA,N,ABH,
sample1488,1488,NA,NA,2,NA,NA,NA,NA,NA,NA,NA,NA,NA,NA,NA,NA,NA,NA,NA,N,ABH,
sample1490,1490,NA,NA,2,NA,NA,NA,NA,NA,NA,NA,NA,NA,NA,NA,NA,NA,NA,NA,N,ABH,
sample1491,1491,NA,NA,2,NA,NA,NA,NA,NA,NA,NA,NA,NA,NA,NA,NA,NA,NA,NA,N,ABH,
sample1492,1492,18-D63-B1-1,18,0,63,42,42,0,NA,NA,O0,B1,42,0,1,1,NA,NA,234,B,Ctrl,
sample1493,1493,18-D63-B2-1,18,0,63,42,42,0,NA,NA,O0,B2,42,0,1,1,NA,NA,235,B,Ctrl,
sample1494,1494,18-D63-B3-1,18,0,63,42,42,0,NA,NA,O0,B3,42,0,1,1,NA,NA,236,B,Ctrl,
sample1495,1495,18-D63-B4-1,18,0,63,42,42,0,NA,NA,O0,B4,42,0,1,1,NA,NA,237,B,Ctrl,
sample1496,1496,18-D63-B5-1,18,0,63,42,42,0,NA,NA,O0,B5,42,0,1,1,NA,NA,238,B,Ctrl,
sample1497,1497,18-D0-O1-1,18,3,0,0,NA,0,NA,NA,O3,O1,NA,0,NA,1,NA,NA,239,O,ABL,
sample1498,1498,18-D0-O2-1,18,3,0,0,NA,0,NA,NA,O3,O2,NA,0,NA,1,NA,NA,240,O,ABL,
sample1499,1499,18-D0-O3-1,18,3,0,0,NA,0,NA,NA,O3,O3,NA,0,NA,1,NA,NA,241,O,ABL,
sample1500,1500,18-D0-O4-1,18,3,0,0,NA,0,NA,NA,O3,O4,NA,0,NA,1,NA,NA,242,O,ABL,
sample1501,1501,18-D0-O5-1,18,3,0,0,NA,0,NA,NA,O3,O5,NA,0,NA,1,NA,NA,243,O,ABL,
sample1507,1507,18-D1-O1-1,18,3,1,1,NA,0,NA,NA,O3,O1,NA,1,NA,1,NA,NA,244,O,ABL,
sample1508,1508,18-D1-O2-1,18,3,1,1,NA,0,NA,NA,O3,O2,NA,1,NA,1,NA,NA,245,O,ABL,
sample1509,1509,18-D1-O3-1,18,3,1,1,NA,0,NA,NA,O3,O3,NA,1,NA,1,NA,NA,246,O,ABL,
sample1510,1510,18-D1-O4-1,18,3,1,1,NA,0,NA,NA,O3,O4,NA,1,NA,1,NA,NA,247,O,ABL,
sample1511,1511,18-D1-O5-1,18,3,1,1,NA,0,NA,NA,O3,O5,NA,1,NA,1,NA,NA,248,O,ABL,
sample1747,1747,FMT-OY-D49-W3-1,2,2,49,49,NA,1,NA,18,OY,W3,NA,NA,NA,NA,NA,NA,343,W,FMT-UM,
sample1748,1748,FMT-OY-D49-W4-1,2,2,49,49,NA,1,NA,18,OY,W4,NA,NA,NA,NA,NA,NA,344,W,FMT-UM,
sample1749,1749,FMT-OY-D49-W5-1,2,2,49,49,NA,1,NA,18,OY,W5,NA,NA,NA,NA,NA,NA,345,W,FMT-UM,
sample1750,1750,FMT-OO-D49-J1-1,18,2,49,49,NA,1,NA,18,OO,J1,NA,NA,NA,NA,NA,NA,346,J,FMT-M,
sample1751,1751,FMT-OO-D49-J3-1,18,2,49,49,NA,1,NA,18,OO,J3,NA,NA,NA,NA,NA,NA,347,J,FMT-M,
sample1752,1752,FMT-OO-D49-J4-1,18,2,49,49,NA,1,NA,18,OO,J4,NA,NA,NA,NA,NA,NA,348,J,FMT-M,
sample1753,1753,FMT-OO-D49-J5-1,18,2,49,49,NA,1,NA,18,OO,J5,NA,NA,NA,NA,NA,NA,349,J,FMT-M,
sample1760,1760,U1,2,2,53,NA,28,1,1,2,YY,U1,NA,NA,NA,NA,NA,NA,NA,U,FMT-M-DSS,
sample1761,1761,U2,2,2,53,NA,28,1,1,2,YY,U2,NA,NA,NA,NA,NA,NA,NA,U,FMT-M-DSS,
sample1762,1762,U3,2,2,53,NA,28,1,1,2,YY,U3,NA,NA,NA,NA,NA,NA,NA,U,FMT-M-DSS,
sample1763,1763,U4,2,2,53,NA,28,1,1,2,YY,U4,NA,NA,NA,NA,NA,NA,NA,U,FMT-M-DSS,
sample1764,1764,U5,2,2,53,NA,28,1,1,2,YY,U5,NA,NA,NA,NA,NA,NA,NA,U,FMT-M-DSS,
sample1765,1765,H1,18,2,53,NA,28,1,1,2,YO,H1,NA,NA,NA,NA,NA,NA,NA,H,FMT-UM-DSS,
sample1766,1766,H2,18,2,53,NA,28,1,1,2,YO,H2,NA,NA,NA,NA,NA,NA,NA,H,FMT-UM-DSS,
sample1767,1767,H3,18,2,53,NA,28,1,1,2,YO,H3,NA,NA,NA,NA,NA,NA,NA,H,FMT-UM-DSS,
sample1768,1768,H4,18,2,53,NA,28,1,1,2,YO,H4,NA,NA,NA,NA,NA,NA,NA,H,FMT-UM-DSS,
sample1769,1769,H5,18,2,53,NA,28,1,1,2,YO,H5,NA,NA,NA,NA,NA,NA,NA,H,FMT-UM-DSS,
sample1770,1770,V1,2,2,53,NA,28,1,1,18,OY,V1,NA,NA,NA,NA,NA,NA,NA,V,FMT-UM-DSS,
sample1771,1771,V2,2,2,53,NA,28,1,1,18,OY,V2,NA,NA,NA,NA,NA,NA,NA,V,FMT-UM-DSS,
sample1772,1772,V3,2,2,53,NA,28,1,1,18,OY,V3,NA,NA,NA,NA,NA,NA,NA,V,FMT-UM-DSS,
sample1773,1773,V4,2,2,53,NA,28,1,1,18,OY,V4,NA,NA,NA,NA,NA,NA,NA,V,FMT-UM-DSS,
sample1774,1774,V5,2,2,53,NA,28,1,1,18,OY,V5,NA,NA,NA,NA,NA,NA,NA,V,FMT-UM-DSS,
sample1775,1775,K2,18,2,53,NA,28,1,1,18,OO,K2,NA,NA,NA,NA,NA,NA,NA,K,FMT-M-DSS,
sample1776,1776,K3,18,2,53,NA,28,1,1,18,OO,K3,NA,NA,NA,NA,NA,NA,NA,K,FMT-M-DSS,
sample1777,1777,K4,18,2,53,NA,28,1,1,18,OO,K4,NA,NA,NA,NA,NA,NA,NA,K,FMT-M-DSS,
sample1778,1778,K5,18,2,53,NA,28,1,1,18,OO,K5,NA,NA,NA,NA,NA,NA,NA,K,FMT-M-DSS,
sample1789,1789,FMT-YY-D56-S1-1,2,2,56,56,NA,1,NA,2,YY,S1,NA,NA,NA,NA,NA,NA,360,S,FMT-M,
sample1790,1790,FMT-YY-D56-S2-1,2,2,56,56,NA,1,NA,2,YY,S2,NA,NA,NA,NA,NA,NA,361,S,FMT-M,
sample1791,1791,FMT-YY-D56-S3-1,2,2,56,56,NA,1,NA,2,YY,S3,NA,NA,NA,NA,NA,NA,362,S,FMT-M,
sample1792,1792,FMT-YY-D56-S4-1,2,2,56,56,NA,1,NA,2,YY,S4,NA,NA,NA,NA,NA,NA,363,S,FMT-M,
sample1793,1793,FMT-YY-D56-S5-1,2,2,56,56,NA,1,NA,2,YY,S5,NA,NA,NA,NA,NA,NA,364,S,FMT-M,
sample1794,1794,FMT-YO-D56-G1-1,18,2,56,56,NA,1,NA,2,YO,G1,NA,NA,NA,NA,NA,NA,365,G,FMT-UM,
sample1795,1795,FMT-YO-D56-G2-1,18,2,56,56,NA,1,NA,2,YO,G2,NA,NA,NA,NA,NA,NA,366,G,FMT-UM,
sample1796,1796,FMT-YO-D56-G3-1,18,2,56,56,NA,1,NA,2,YO,G3,NA,NA,NA,NA,NA,NA,367,G,FMT-UM,
sample1797,1797,FMT-YO-D56-G4-1,18,2,56,56,NA,1,NA,2,YO,G4,NA,NA,NA,NA,NA,NA,368,G,FMT-UM,
sample1798,1798,FMT-YO-D56-G5-1,18,2,56,56,NA,1,NA,2,YO,G5,NA,NA,NA,NA,NA,NA,369,G,FMT-UM,
sample1799,1799,FMT-OY-D56-W1-1,2,2,56,56,NA,1,NA,18,OY,W1,NA,NA,NA,NA,NA,NA,370,W,FMT-UM,
sample1800,1800,FMT-OY-D56-W2-1,2,2,56,56,NA,1,NA,18,OY,W2,NA,NA,NA,NA,NA,NA,371,W,FMT-UM,
sample1801,1801,FMT-OY-D56-W3-1,2,2,56,56,NA,1,NA,18,OY,W3,NA,NA,NA,NA,NA,NA,372,W,FMT-UM,
sample1580,1580,NA,NA,2,NA,NA,NA,NA,NA,NA,NA,NA,NA,NA,NA,NA,NA,NA,NA,N,ABH,
sample1802,1802,FMT-OY-D56-W4-1,2,2,56,56,NA,1,NA,18,OY,W4,NA,NA,NA,NA,NA,NA,373,W,FMT-UM,
sample1803,1803,FMT-OY-D56-W5-1,2,2,56,56,NA,1,NA,18,OY,W5,NA,NA,NA,NA,NA,NA,374,W,FMT-UM,
sample1804,1804,FMT-OO-D56-J1-1,18,2,56,56,NA,1,NA,18,OO,J1,NA,NA,NA,NA,NA,NA,375,J,FMT-M,
sample1805,1805,FMT-OO-D56-J3-1,18,2,56,56,NA,1,NA,18,OO,J3,NA,NA,NA,NA,NA,NA,376,J,FMT-M,
sample1806,1806,FMT-OO-D56-J4-1,18,2,56,56,NA,1,NA,18,OO,J4,NA,NA,NA,NA,NA,NA,377,J,FMT-M,
sample1807,1807,FMT-OO-D56-J5-1,18,2,56,56,NA,1,NA,18,OO,J5,NA,NA,NA,NA,NA,NA,378,J,FMT-M,
sample1814,1814,U1,2,2,60,NA,35,1,1,2,YY,U1,NA,NA,NA,NA,NA,NA,NA,U,FMT-M-DSS,
sample1815,1815,U2,2,2,60,NA,35,1,1,2,YY,U2,NA,NA,NA,NA,NA,NA,NA,U,FMT-M-DSS,
sample1816,1816,U3,2,2,60,NA,35,1,1,2,YY,U3,NA,NA,NA,NA,NA,NA,NA,U,FMT-M-DSS,
sample1817,1817,U4,2,2,60,NA,35,1,1,2,YY,U4,NA,NA,NA,NA,NA,NA,NA,U,FMT-M-DSS,
sample1818,1818,U5,2,2,60,NA,35,1,1,2,YY,U5,NA,NA,NA,NA,NA,NA,NA,U,FMT-M-DSS,
sample1819,1819,H1,18,2,60,NA,35,1,1,2,YO,H1,NA,NA,NA,NA,NA,NA,NA,H,FMT-UM-DSS,
sample1593,1593,NA,NA,2,NA,NA,NA,NA,NA,NA,NA,NA,NA,NA,NA,NA,NA,NA,NA,N,ABH,
sample1594,1594,NA,NA,2,NA,NA,NA,NA,NA,NA,NA,NA,NA,NA,NA,NA,NA,NA,NA,N,ABH,
sample1595,1595,NA,NA,2,NA,NA,NA,NA,NA,NA,NA,NA,NA,NA,NA,NA,NA,NA,NA,N,ABH,
sample1596,1596,NA,NA,2,NA,NA,NA,NA,NA,NA,NA,NA,NA,NA,NA,NA,NA,NA,NA,N,ABH,
sample1597,1597,NA,NA,2,NA,NA,NA,NA,NA,NA,NA,NA,NA,NA,NA,NA,NA,NA,NA,N,ABH,
sample1598,1598,NA,NA,2,NA,NA,NA,NA,NA,NA,NA,NA,NA,NA,NA,NA,NA,NA,NA,N,ABH,
sample1599,1599,NA,NA,2,NA,NA,NA,NA,NA,NA,NA,NA,NA,NA,NA,NA,NA,NA,NA,N,ABH,
sample1600,1600,NA,NA,2,NA,NA,NA,NA,NA,NA,NA,NA,NA,NA,NA,NA,NA,NA,NA,N,ABH,
sample1601,1601,NA,NA,2,NA,NA,NA,NA,NA,NA,NA,NA,NA,NA,NA,NA,NA,NA,NA,N,ABH,
sample1602,1602,NA,NA,2,NA,NA,NA,NA,NA,NA,NA,NA,NA,NA,NA,NA,NA,NA,NA,N,ABH,
sample1603,1603,NA,NA,2,NA,NA,NA,NA,NA,NA,NA,NA,NA,NA,NA,NA,NA,NA,NA,N,ABH,
sample1604,1604,NA,NA,2,NA,NA,NA,NA,NA,NA,NA,NA,NA,NA,NA,NA,NA,NA,NA,N,ABH,
sample1605,1605,NA,NA,2,NA,NA,NA,NA,NA,NA,NA,NA,NA,NA,NA,NA,NA,NA,NA,N,ABH,
sample1606,1606,NA,NA,2,NA,NA,NA,NA,NA,NA,NA,NA,NA,NA,NA,NA,NA,NA,NA,N,ABH,
sample1607,1607,NA,NA,2,NA,NA,NA,NA,NA,NA,NA,NA,NA,NA,NA,NA,NA,NA,NA,N,ABH,
sample1820,1820,H2,18,2,60,NA,35,1,1,2,YO,H2,NA,NA,NA,NA,NA,NA,NA,H,FMT-UM-DSS,
sample1821,1821,H3,18,2,60,NA,35,1,1,2,YO,H3,NA,NA,NA,NA,NA,NA,NA,H,FMT-UM-DSS,
sample1822,1822,H4,18,2,60,NA,35,1,1,2,YO,H4,NA,NA,NA,NA,NA,NA,NA,H,FMT-UM-DSS,
sample1823,1823,H5,18,2,60,NA,35,1,1,2,YO,H5,NA,NA,NA,NA,NA,NA,NA,H,FMT-UM-DSS,
sample1824,1824,V1,2,2,60,NA,35,1,1,18,OY,V1,NA,NA,NA,NA,NA,NA,NA,V,FMT-UM-DSS,
sample1825,1825,V2,2,2,60,NA,35,1,1,18,OY,V2,NA,NA,NA,NA,NA,NA,NA,V,FMT-UM-DSS,
sample1826,1826,V3,2,2,60,NA,35,1,1,18,OY,V3,NA,NA,NA,NA,NA,NA,NA,V,FMT-UM-DSS,
sample1827,1827,V4,2,2,60,NA,35,1,1,18,OY,V4,NA,NA,NA,NA,NA,NA,NA,V,FMT-UM-DSS,
sample1828,1828,V5,2,2,60,NA,35,1,1,18,OY,V5,NA,NA,NA,NA,NA,NA,NA,V,FMT-UM-DSS,
sample1829,1829,K2,18,2,60,NA,35,1,1,18,OO,K2,NA,NA,NA,NA,NA,NA,NA,K,FMT-M-DSS,
sample1830,1830,K3,18,2,60,NA,35,1,1,18,OO,K3,NA,NA,NA,NA,NA,NA,NA,K,FMT-M-DSS,
sample1831,1831,K4,18,2,60,NA,35,1,1,18,OO,K4,NA,NA,NA,NA,NA,NA,NA,K,FMT-M-DSS,
sample1832,1832,K5,18,2,60,NA,35,1,1,18,OO,K5,NA,NA,NA,NA,NA,NA,NA,K,FMT-M-DSS,
sample1849,1849,U1,2,2,67,NA,42,1,1,2,YY,U1,NA,NA,NA,NA,NA,NA,NA,U,FMT-M-DSS,
sample1850,1850,U2,2,2,67,NA,42,1,1,2,YY,U2,NA,NA,NA,NA,NA,NA,NA,U,FMT-M-DSS,
sample1851,1851,U3,2,2,67,NA,42,1,1,2,YY,U3,NA,NA,NA,NA,NA,NA,NA,U,FMT-M-DSS,
sample1852,1852,U4,2,2,67,NA,42,1,1,2,YY,U4,NA,NA,NA,NA,NA,NA,NA,U,FMT-M-DSS,
sample1853,1853,U5,2,2,67,NA,42,1,1,2,YY,U5,NA,NA,NA,NA,NA,NA,NA,U,FMT-M-DSS,
sample1854,1854,H1,18,2,67,NA,42,1,1,2,YO,H1,NA,NA,NA,NA,NA,NA,NA,H,FMT-UM-DSS,
sample1628,1628,NA,NA,NA,NA,NA,NA,NA,NA,NA,NA,NA,NA,NA,NA,NA,NA,NA,NA,N,,
sample1629,1629,NA,NA,NA,NA,NA,NA,NA,NA,NA,NA,NA,NA,NA,NA,NA,NA,NA,NA,N,,
sample1630,1630,NA,NA,NA,NA,NA,NA,NA,NA,NA,NA,NA,NA,NA,NA,NA,NA,NA,NA,N,,
sample1631,1631,NA,NA,NA,NA,NA,NA,NA,NA,NA,NA,NA,NA,NA,NA,NA,NA,NA,NA,N,,
sample1633,1633,NA,NA,NA,NA,NA,NA,NA,NA,NA,NA,NA,NA,NA,NA,NA,NA,NA,NA,N,,
sample1634,1634,NA,NA,NA,NA,NA,NA,NA,NA,NA,NA,NA,NA,NA,NA,NA,NA,NA,NA,N,,
sample1635,1635,18-D49-F1-1,18,2,49,49,49,0,NA,NA,O2,F1,49,NA,1,NA,NA,NA,277,F,ABH,SR
sample1636,1636,18-D49-F2-1,18,2,49,49,49,0,NA,NA,O2,F2,49,NA,1,NA,NA,NA,278,F,ABH,SR
sample1637,1637,18-D49-F3-1,18,2,49,49,49,0,NA,NA,O2,F3,49,NA,1,NA,NA,NA,279,F,ABH,SR
sample1638,1638,18-D49-F4-1,18,2,49,49,49,0,NA,NA,O2,F4,49,NA,1,NA,NA,NA,280,F,ABH,SR
sample1639,1639,18-D49-F5-1,18,2,49,49,49,0,NA,NA,O2,F5,49,NA,1,NA,NA,NA,281,F,ABH,SR
sample1640,1640,18-D4-O1-1,18,3,4,4,NA,0,NA,NA,O3,O1,NA,4,NA,1,NA,NA,282,O,ABL,
sample1641,1641,18-D4-O2-1,18,3,4,4,NA,0,NA,NA,O3,O2,NA,4,NA,1,NA,NA,283,O,ABL,
sample1642,1642,18-D4-O3-1,18,3,4,4,NA,0,NA,NA,O3,O3,NA,4,NA,1,NA,NA,284,O,ABL,
sample1643,1643,18-D4-O4-1,18,3,4,4,NA,0,NA,NA,O3,O4,NA,4,NA,1,NA,NA,285,O,ABL,
sample1644,1644,18-D4-O5-1,18,3,4,4,NA,0,NA,NA,O3,O5,NA,4,NA,1,NA,NA,286,O,ABL,
sample1855,1855,H2,18,2,67,NA,42,1,1,2,YO,H2,NA,NA,NA,NA,NA,NA,NA,H,FMT-UM-DSS,
sample1856,1856,H3,18,2,67,NA,42,1,1,2,YO,H3,NA,NA,NA,NA,NA,NA,NA,H,FMT-UM-DSS,
sample1857,1857,H4,18,2,67,NA,42,1,1,2,YO,H4,NA,NA,NA,NA,NA,NA,NA,H,FMT-UM-DSS,
sample1858,1858,H5,18,2,67,NA,42,1,1,2,YO,H5,NA,NA,NA,NA,NA,NA,NA,H,FMT-UM-DSS,
sample1859,1859,V1,2,2,67,NA,42,1,1,18,OY,V1,NA,NA,NA,NA,NA,NA,NA,V,FMT-UM-DSS,
sample1860,1860,V2,2,2,67,NA,42,1,1,18,OY,V2,NA,NA,NA,NA,NA,NA,NA,V,FMT-UM-DSS,
sample1861,1861,V3,2,2,67,NA,42,1,1,18,OY,V3,NA,NA,NA,NA,NA,NA,NA,V,FMT-UM-DSS,
sample1862,1862,V4,2,2,67,NA,42,1,1,18,OY,V4,NA,NA,NA,NA,NA,NA,NA,V,FMT-UM-DSS,
sample1863,1863,V5,2,2,67,NA,42,1,1,18,OY,V5,NA,NA,NA,NA,NA,NA,NA,V,FMT-UM-DSS,
sample1864,1864,K2,18,2,67,NA,42,1,1,18,OO,K2,NA,NA,NA,NA,NA,NA,NA,K,FMT-M-DSS,
sample1865,1865,K3,18,2,67,NA,42,1,1,18,OO,K3,NA,NA,NA,NA,NA,NA,NA,K,FMT-M-DSS,
sample1866,1866,K4,18,2,67,NA,42,1,1,18,OO,K4,NA,NA,NA,NA,NA,NA,NA,K,FMT-M-DSS,
sample1867,1867,K5,18,2,67,NA,42,1,1,18,OO,K5,NA,NA,NA,NA,NA,NA,NA,K,FMT-M-DSS,
sample1884,1884,U1,2,2,74,NA,49,1,1,2,YY,U1,NA,NA,NA,NA,NA,NA,NA,U,FMT-M-DSS,
sample1885,1885,U2,2,2,74,NA,49,1,1,2,YY,U2,NA,NA,NA,NA,NA,NA,NA,U,FMT-M-DSS,
sample1886,1886,U3,2,2,74,NA,49,1,1,2,YY,U3,NA,NA,NA,NA,NA,NA,NA,U,FMT-M-DSS,
sample1887,1887,U4,2,2,74,NA,49,1,1,2,YY,U4,NA,NA,NA,NA,NA,NA,NA,U,FMT-M-DSS,
sample1888,1888,U5,2,2,74,NA,49,1,1,2,YY,U5,NA,NA,NA,NA,NA,NA,NA,U,FMT-M-DSS,
sample1889,1889,H1,18,2,74,NA,49,1,1,2,YO,H1,NA,NA,NA,NA,NA,NA,NA,H,FMT-UM-DSS,
sample1665,1665,18-D70-B1-1,18,0,70,49,49,0,NA,NA,O0,B1,49,7,1,1,NA,NA,287,B,Ctrl,
sample1666,1666,18-D70-B2-1,18,0,70,49,49,0,NA,NA,O0,B2,49,7,1,1,NA,NA,288,B,Ctrl,
sample1667,1667,18-D70-B3-1,18,0,70,49,49,0,NA,NA,O0,B3,49,7,1,1,NA,NA,289,B,Ctrl,
sample1668,1668,18-D70-B4-1,18,0,70,49,49,0,NA,NA,O0,B4,49,7,1,1,NA,NA,290,B,Ctrl,
sample1669,1669,18-D70-B5-1,18,0,70,49,49,0,NA,NA,O0,B5,49,7,1,1,NA,NA,291,B,Ctrl,
sample1670,1670,18-D7-O1-1,18,3,7,7,NA,0,NA,NA,O3,O1,NA,7,NA,1,NA,NA,292,O,ABL,
sample1671,1671,18-D7-O2-1,18,3,7,7,NA,0,NA,NA,O3,O2,NA,7,NA,1,NA,NA,293,O,ABL,
sample1672,1672,18-D7-O3-1,18,3,7,7,NA,0,NA,NA,O3,O3,NA,7,NA,1,NA,NA,294,O,ABL,
sample1673,1673,18-D7-O4-1,18,3,7,7,NA,0,NA,NA,O3,O4,NA,7,NA,1,NA,NA,295,O,ABL,
sample1674,1674,18-D7-O5-1,18,3,7,7,NA,0,NA,NA,O3,O5,NA,7,NA,1,NA,NA,296,O,ABL,
sample1890,1890,H2,18,2,74,NA,49,1,1,2,YO,H2,NA,NA,NA,NA,NA,NA,NA,H,FMT-UM-DSS,
sample1891,1891,H3,18,2,74,NA,49,1,1,2,YO,H3,NA,NA,NA,NA,NA,NA,NA,H,FMT-UM-DSS,
sample1892,1892,H4,18,2,74,NA,49,1,1,2,YO,H4,NA,NA,NA,NA,NA,NA,NA,H,FMT-UM-DSS,
sample1893,1893,H5,18,2,74,NA,49,1,1,2,YO,H5,NA,NA,NA,NA,NA,NA,NA,H,FMT-UM-DSS,
sample1894,1894,V1,2,2,74,NA,49,1,1,18,OY,V1,NA,NA,NA,NA,NA,NA,NA,V,FMT-UM-DSS,
sample1895,1895,V2,2,2,74,NA,49,1,1,18,OY,V2,NA,NA,NA,NA,NA,NA,NA,V,FMT-UM-DSS,
sample1896,1896,V3,2,2,74,NA,49,1,1,18,OY,V3,NA,NA,NA,NA,NA,NA,NA,V,FMT-UM-DSS,
sample1897,1897,V4,2,2,74,NA,49,1,1,18,OY,V4,NA,NA,NA,NA,NA,NA,NA,V,FMT-UM-DSS,
sample1898,1898,V5,2,2,74,NA,49,1,1,18,OY,V5,NA,NA,NA,NA,NA,NA,NA,V,FMT-UM-DSS,
sample1899,1899,K2,18,2,74,NA,49,1,1,18,OO,K2,NA,NA,NA,NA,NA,NA,NA,K,FMT-M-DSS,
sample1900,1900,K3,18,2,74,NA,49,1,1,18,OO,K3,NA,NA,NA,NA,NA,NA,NA,K,FMT-M-DSS,
sample1901,1901,K4,18,2,74,NA,49,1,1,18,OO,K4,NA,NA,NA,NA,NA,NA,NA,K,FMT-M-DSS,
sample1902,1902,K5,18,2,74,NA,49,1,1,18,OO,K5,NA,NA,NA,NA,NA,NA,NA,K,FMT-M-DSS,
sample780,780,I1,18,2,0,0,NA,1,0,2,YO,I1,NA,NA,NA,NA,NA,NA,NA,I,FMT-UM,
sample781,781,I2,18,2,0,0,NA,1,0,2,YO,I2,NA,NA,NA,NA,NA,NA,NA,I,FMT-UM,
sample782,782,I3,18,2,0,0,NA,1,0,2,YO,I3,NA,NA,NA,NA,NA,NA,NA,I,FMT-UM,
sample783,783,I4,18,2,0,0,NA,1,0,2,YO,I4,NA,NA,NA,NA,NA,NA,NA,I,FMT-UM,
sample784,784,I5,18,2,0,0,NA,1,0,2,YO,I5,NA,NA,NA,NA,NA,NA,NA,I,FMT-UM,
sample795,795,X1,2,2,0,0,NA,1,0,18,OY,X1,NA,NA,NA,NA,NA,NA,NA,X,FMT-UM,
sample1694,1694,NA,NA,NA,NA,NA,NA,NA,NA,NA,NA,NA,NA,NA,NA,NA,NA,NA,NA,N,,
sample1695,1695,NA,NA,NA,NA,NA,NA,NA,NA,NA,NA,NA,NA,NA,NA,NA,NA,NA,NA,N,,
sample1696,1696,NA,NA,NA,NA,NA,NA,NA,NA,NA,NA,NA,NA,NA,NA,NA,NA,NA,NA,N,,
sample1697,1697,NA,NA,NA,NA,NA,NA,NA,NA,NA,NA,NA,NA,NA,NA,NA,NA,NA,NA,N,,
sample1698,1698,NA,NA,NA,NA,NA,NA,NA,NA,NA,NA,NA,NA,NA,NA,NA,NA,NA,NA,N,,
sample1699,1699,NA,NA,NA,NA,NA,NA,NA,NA,NA,NA,NA,NA,NA,NA,NA,NA,NA,NA,N,,
sample1700,1700,18-D56-F1-1,18,2,56,56,56,0,NA,NA,O2,F1,56,NA,1,NA,NA,NA,316,F,ABH,SR
sample1701,1701,18-D56-F2-1,18,2,56,56,56,0,NA,NA,O2,F2,56,NA,1,NA,NA,NA,317,F,ABH,SR
sample1702,1702,18-D56-F3-1,18,2,56,56,56,0,NA,NA,O2,F3,56,NA,1,NA,NA,NA,318,F,ABH,SR
sample1703,1703,18-D56-F4-1,18,2,56,56,56,0,NA,NA,O2,F4,56,NA,1,NA,NA,NA,319,F,ABH,SR
sample1704,1704,18-D56-F5-1,18,2,56,56,56,0,NA,NA,O2,F5,56,NA,1,NA,NA,NA,320,F,ABH,SR
sample1705,1705,U1,2,2,46,NA,21,-4,1,2,YY,U1,NA,NA,NA,NA,NA,NA,NA,U,FMT-M-DSS,
sample1706,1706,U2,2,2,46,NA,21,-4,1,2,YY,U2,NA,NA,NA,NA,NA,NA,NA,U,FMT-M-DSS,
sample1707,1707,U3,2,2,46,NA,21,-4,1,2,YY,U3,NA,NA,NA,NA,NA,NA,NA,U,FMT-M-DSS,
sample1708,1708,U4,2,2,46,NA,21,-4,1,2,YY,U4,NA,NA,NA,NA,NA,NA,NA,U,FMT-M-DSS,
sample1709,1709,U5,2,2,46,NA,21,-4,1,2,YY,U5,NA,NA,NA,NA,NA,NA,NA,U,FMT-M-DSS,
sample796,796,X2,2,2,0,0,NA,1,0,18,OY,X2,NA,NA,NA,NA,NA,NA,NA,X,FMT-UM,
sample797,797,X3,2,2,0,0,NA,1,0,18,OY,X3,NA,NA,NA,NA,NA,NA,NA,X,FMT-UM,
sample798,798,X4,2,2,0,0,NA,1,0,18,OY,X4,NA,NA,NA,NA,NA,NA,NA,X,FMT-UM,
sample799,799,X5,2,2,0,0,NA,1,0,18,OY,X5,NA,NA,NA,NA,NA,NA,NA,X,FMT-UM,
sample810,810,L1,18,2,0,0,NA,1,0,18,OO,L1,NA,NA,NA,NA,NA,NA,NA,L,FMT-M,
sample1715,1715,V1,2,2,46,NA,21,-4,1,18,OY,V1,NA,NA,NA,NA,NA,NA,NA,V,FMT-UM-DSS,
sample1716,1716,V2,2,2,46,NA,21,-4,1,18,OY,V2,NA,NA,NA,NA,NA,NA,NA,V,FMT-UM-DSS,
sample1717,1717,V3,2,2,46,NA,21,-4,1,18,OY,V3,NA,NA,NA,NA,NA,NA,NA,V,FMT-UM-DSS,
sample1718,1718,V4,2,2,46,NA,21,-4,1,18,OY,V4,NA,NA,NA,NA,NA,NA,NA,V,FMT-UM-DSS,
sample1719,1719,V5,2,2,46,NA,21,-4,1,18,OY,V5,NA,NA,NA,NA,NA,NA,NA,V,FMT-UM-DSS,
sample811,811,L2,18,2,0,0,NA,1,0,18,OO,L2,NA,NA,NA,NA,NA,NA,NA,L,FMT-M,
sample812,812,L3,18,2,0,0,NA,1,0,18,OO,L3,NA,NA,NA,NA,NA,NA,NA,L,FMT-M,
sample813,813,L4,18,2,0,0,NA,1,0,18,OO,L4,NA,NA,NA,NA,NA,NA,NA,L,FMT-M,
sample814,814,L5,18,2,0,0,NA,1,0,18,OO,L5,NA,NA,NA,NA,NA,NA,NA,L,FMT-M,
sample1725,1725,18-D77-B1-1,18,0,77,56,56,0,NA,NA,O0,B1,56,14,1,1,NA,NA,321,B,Ctrl,
sample1726,1726,18-D77-B2-1,18,0,77,56,56,0,NA,NA,O0,B2,56,14,1,1,NA,NA,322,B,Ctrl,
sample1727,1727,18-D77-B3-1,18,0,77,56,56,0,NA,NA,O0,B3,56,14,1,1,NA,NA,323,B,Ctrl,
sample1728,1728,18-D77-B4-1,18,0,77,56,56,0,NA,NA,O0,B4,56,14,1,1,NA,NA,324,B,Ctrl,
sample1729,1729,18-D77-B5-1,18,0,77,56,56,0,NA,NA,O0,B5,56,14,1,1,NA,NA,325,B,Ctrl,
sample1730,1730,18-D14-O1-1,18,3,14,14,NA,0,NA,NA,O3,O1,NA,14,NA,1,NA,NA,326,O,ABL,
sample1731,1731,18-D14-O2-1,18,3,14,14,NA,0,NA,NA,O3,O2,NA,14,NA,1,NA,NA,327,O,ABL,
sample1732,1732,18-D14-O3-1,18,3,14,14,NA,0,NA,NA,O3,O3,NA,14,NA,1,NA,NA,328,O,ABL,
sample1733,1733,18-D14-O4-1,18,3,14,14,NA,0,NA,NA,O3,O4,NA,14,NA,1,NA,NA,329,O,ABL,
sample1734,1734,18-D14-O5-1,18,3,14,14,NA,0,NA,NA,O3,O5,NA,14,NA,1,NA,NA,330,O,ABL,
sample820,820,T1,2,2,1,1,NA,1,0,2,YY,T1,NA,NA,NA,NA,NA,NA,NA,T,FMT-M,
sample821,821,T3,2,2,1,1,NA,1,0,2,YY,T3,NA,NA,NA,NA,NA,NA,NA,T,FMT-M,
sample822,822,T4,2,2,1,1,NA,1,0,2,YY,T4,NA,NA,NA,NA,NA,NA,NA,T,FMT-M,
sample823,823,T5,2,2,1,1,NA,1,0,2,YY,T5,NA,NA,NA,NA,NA,NA,NA,T,FMT-M,
sample839,839,I1,18,2,1,1,NA,1,0,2,YO,I1,NA,NA,NA,NA,NA,NA,NA,I,FMT-UM,
sample840,840,I2,18,2,1,1,NA,1,0,2,YO,I2,NA,NA,NA,NA,NA,NA,NA,I,FMT-UM,
sample841,841,I3,18,2,1,1,NA,1,0,2,YO,I3,NA,NA,NA,NA,NA,NA,NA,I,FMT-UM,
sample842,842,I4,18,2,1,1,NA,1,0,2,YO,I4,NA,NA,NA,NA,NA,NA,NA,I,FMT-UM,
sample843,843,I5,18,2,1,1,NA,1,0,2,YO,I5,NA,NA,NA,NA,NA,NA,NA,I,FMT-UM,
sample854,854,X1,2,2,1,1,NA,1,0,18,OY,X1,NA,NA,NA,NA,NA,NA,NA,X,FMT-UM,
sample855,855,X2,2,2,1,1,NA,1,0,18,OY,X2,NA,NA,NA,NA,NA,NA,NA,X,FMT-UM,
sample856,856,X3,2,2,1,1,NA,1,0,18,OY,X3,NA,NA,NA,NA,NA,NA,NA,X,FMT-UM,
sample857,857,X4,2,2,1,1,NA,1,0,18,OY,X4,NA,NA,NA,NA,NA,NA,NA,X,FMT-UM,
sample858,858,X5,2,2,1,1,NA,1,0,18,OY,X5,NA,NA,NA,NA,NA,NA,NA,X,FMT-UM,
sample869,869,L1,18,2,1,1,NA,1,0,18,OO,L1,NA,NA,NA,NA,NA,NA,NA,L,FMT-M,
sample870,870,L2,18,2,1,1,NA,1,0,18,OO,L2,NA,NA,NA,NA,NA,NA,NA,L,FMT-M,
sample871,871,L3,18,2,1,1,NA,1,0,18,OO,L3,NA,NA,NA,NA,NA,NA,NA,L,FMT-M,
sample872,872,L4,18,2,1,1,NA,1,0,18,OO,L4,NA,NA,NA,NA,NA,NA,NA,L,FMT-M,
sample873,873,L5,18,2,1,1,NA,1,0,18,OO,L5,NA,NA,NA,NA,NA,NA,NA,L,FMT-M,
sample1754,1754,NA,NA,2,NA,NA,NA,NA,NA,NA,NA,NA,NA,NA,NA,NA,NA,NA,NA,N,ABH,
sample1755,1755,NA,NA,2,NA,NA,NA,NA,NA,NA,NA,NA,NA,NA,NA,NA,NA,NA,NA,N,ABH,
sample1756,1756,NA,NA,2,NA,NA,NA,NA,NA,NA,NA,NA,NA,NA,NA,NA,NA,NA,NA,N,ABH,
sample1757,1757,NA,NA,2,NA,NA,NA,NA,NA,NA,NA,NA,NA,NA,NA,NA,NA,NA,NA,N,ABH,
sample1758,1758,NA,NA,2,NA,NA,NA,NA,NA,NA,NA,NA,NA,NA,NA,NA,NA,NA,NA,N,ABH,
sample1759,1759,NA,NA,NA,NA,NA,NA,NA,NA,NA,NA,NA,NA,NA,NA,NA,NA,NA,NA,N,,
sample889,889,T1,2,2,4,4,NA,1,0,2,YY,T1,NA,NA,NA,NA,NA,NA,NA,T,FMT-M,
sample890,890,T3,2,2,4,4,NA,1,0,2,YY,T3,NA,NA,NA,NA,NA,NA,NA,T,FMT-M,
sample891,891,T4,2,2,4,4,NA,1,0,2,YY,T4,NA,NA,NA,NA,NA,NA,NA,T,FMT-M,
sample892,892,T5,2,2,4,4,NA,1,0,2,YY,T5,NA,NA,NA,NA,NA,NA,NA,T,FMT-M,
sample908,908,I1,18,2,4,4,NA,1,0,2,YO,I1,NA,NA,NA,NA,NA,NA,NA,I,FMT-UM,
sample909,909,I2,18,2,4,4,NA,1,0,2,YO,I2,NA,NA,NA,NA,NA,NA,NA,I,FMT-UM,
sample910,910,I3,18,2,4,4,NA,1,0,2,YO,I3,NA,NA,NA,NA,NA,NA,NA,I,FMT-UM,
sample911,911,I4,18,2,4,4,NA,1,0,2,YO,I4,NA,NA,NA,NA,NA,NA,NA,I,FMT-UM,
sample912,912,I5,18,2,4,4,NA,1,0,2,YO,I5,NA,NA,NA,NA,NA,NA,NA,I,FMT-UM,
sample923,923,X1,2,2,4,4,NA,1,0,18,OY,X1,NA,NA,NA,NA,NA,NA,NA,X,FMT-UM,
sample924,924,X2,2,2,4,4,NA,1,0,18,OY,X2,NA,NA,NA,NA,NA,NA,NA,X,FMT-UM,
sample925,925,X3,2,2,4,4,NA,1,0,18,OY,X3,NA,NA,NA,NA,NA,NA,NA,X,FMT-UM,
sample926,926,X4,2,2,4,4,NA,1,0,18,OY,X4,NA,NA,NA,NA,NA,NA,NA,X,FMT-UM,
sample927,927,X5,2,2,4,4,NA,1,0,18,OY,X5,NA,NA,NA,NA,NA,NA,NA,X,FMT-UM,
sample938,938,L1,18,2,4,4,NA,1,0,18,OO,L1,NA,NA,NA,NA,NA,NA,NA,L,FMT-M,
sample939,939,L2,18,2,4,4,NA,1,0,18,OO,L2,NA,NA,NA,NA,NA,NA,NA,L,FMT-M,
sample940,940,L3,18,2,4,4,NA,1,0,18,OO,L3,NA,NA,NA,NA,NA,NA,NA,L,FMT-M,
sample941,941,L4,18,2,4,4,NA,1,0,18,OO,L4,NA,NA,NA,NA,NA,NA,NA,L,FMT-M,
sample942,942,L5,18,2,4,4,NA,1,0,18,OO,L5,NA,NA,NA,NA,NA,NA,NA,L,FMT-M,
sample1779,1779,18-D84-B1-1,18,0,84,84,NA,0,NA,NA,0,B1,NA,21,NA,1,NA,NA,350,B,Ctrl,
sample1780,1780,18-D84-B2-1,18,0,84,84,NA,0,NA,NA,0,B2,NA,21,NA,1,NA,NA,351,B,Ctrl,
sample1781,1781,18-D84-B3-1,18,0,84,84,NA,0,NA,NA,0,B3,NA,21,NA,1,NA,NA,352,B,Ctrl,
sample1782,1782,18-D84-B4-1,18,0,84,84,NA,0,NA,NA,0,B4,NA,21,NA,1,NA,NA,353,B,Ctrl,
sample1783,1783,18-D84-B5-1,18,0,84,84,NA,0,NA,NA,0,B5,NA,21,NA,1,NA,NA,354,B,Ctrl,
sample1784,1784,18-D21-O1-1,18,3,21,21,NA,0,NA,NA,O3,O1,NA,21,NA,1,NA,NA,355,O,ABL,
sample1785,1785,18-D21-O2-1,18,3,21,21,NA,0,NA,NA,O3,O2,NA,21,NA,1,NA,NA,356,O,ABL,
sample1786,1786,18-D21-O3-1,18,3,21,21,NA,0,NA,NA,O3,O3,NA,21,NA,1,NA,NA,357,O,ABL,
sample1787,1787,18-D21-O4-1,18,3,21,21,NA,0,NA,NA,O3,O4,NA,21,NA,1,NA,NA,358,O,ABL,
sample1788,1788,18-D21-O5-1,18,3,21,21,NA,0,NA,NA,O3,O5,NA,21,NA,1,NA,NA,359,O,ABL,
sample958,958,T1,2,2,7,7,NA,1,0,2,YY,T1,NA,NA,NA,NA,NA,NA,NA,T,FMT-M,
sample959,959,T3,2,2,7,7,NA,1,0,2,YY,T3,NA,NA,NA,NA,NA,NA,NA,T,FMT-M,
sample960,960,T4,2,2,7,7,NA,1,0,2,YY,T4,NA,NA,NA,NA,NA,NA,NA,T,FMT-M,
sample961,961,T5,2,2,7,7,NA,1,0,2,YY,T5,NA,NA,NA,NA,NA,NA,NA,T,FMT-M,
sample977,977,I1,18,2,7,7,NA,1,0,2,YO,I1,NA,NA,NA,NA,NA,NA,NA,I,FMT-UM,
sample978,978,I2,18,2,7,7,NA,1,0,2,YO,I2,NA,NA,NA,NA,NA,NA,NA,I,FMT-UM,
sample979,979,I3,18,2,7,7,NA,1,0,2,YO,I3,NA,NA,NA,NA,NA,NA,NA,I,FMT-UM,
sample980,980,I4,18,2,7,7,NA,1,0,2,YO,I4,NA,NA,NA,NA,NA,NA,NA,I,FMT-UM,
sample981,981,I5,18,2,7,7,NA,1,0,2,YO,I5,NA,NA,NA,NA,NA,NA,NA,I,FMT-UM,
sample992,992,X1,2,2,7,7,NA,1,0,18,OY,X1,NA,NA,NA,NA,NA,NA,NA,X,FMT-UM,
sample993,993,X2,2,2,7,7,NA,1,0,18,OY,X2,NA,NA,NA,NA,NA,NA,NA,X,FMT-UM,
sample994,994,X3,2,2,7,7,NA,1,0,18,OY,X3,NA,NA,NA,NA,NA,NA,NA,X,FMT-UM,
sample995,995,X4,2,2,7,7,NA,1,0,18,OY,X4,NA,NA,NA,NA,NA,NA,NA,X,FMT-UM,
sample996,996,X5,2,2,7,7,NA,1,0,18,OY,X5,NA,NA,NA,NA,NA,NA,NA,X,FMT-UM,
sample1007,1007,L1,18,2,7,7,NA,1,0,18,OO,L1,NA,NA,NA,NA,NA,NA,NA,L,FMT-M,
sample1008,1008,L2,18,2,7,7,NA,1,0,18,OO,L2,NA,NA,NA,NA,NA,NA,NA,L,FMT-M,
sample1009,1009,L3,18,2,7,7,NA,1,0,18,OO,L3,NA,NA,NA,NA,NA,NA,NA,L,FMT-M,
sample1010,1010,L4,18,2,7,7,NA,1,0,18,OO,L4,NA,NA,NA,NA,NA,NA,NA,L,FMT-M,
sample1011,1011,L5,18,2,7,7,NA,1,0,18,OO,L5,NA,NA,NA,NA,NA,NA,NA,L,FMT-M,
sample1808,1808,NA,NA,NA,NA,NA,NA,NA,NA,NA,NA,NA,NA,NA,NA,NA,NA,NA,NA,N,,
sample1809,1809,NA,NA,NA,NA,NA,NA,NA,NA,NA,NA,NA,NA,NA,NA,NA,NA,NA,NA,N,,
sample1810,1810,NA,NA,NA,NA,NA,NA,NA,NA,NA,NA,NA,NA,NA,NA,NA,NA,NA,NA,N,,
sample1811,1811,NA,NA,NA,NA,NA,NA,NA,NA,NA,NA,NA,NA,NA,NA,NA,NA,NA,NA,N,,
sample1812,1812,NA,NA,NA,NA,NA,NA,NA,NA,NA,NA,NA,NA,NA,NA,NA,NA,NA,NA,N,,
sample1813,1813,NA,NA,NA,NA,NA,NA,NA,NA,NA,NA,NA,NA,NA,NA,NA,NA,NA,NA,N,,
sample1038,1038,T1,2,2,11,11,NA,1,0,2,YY,T1,NA,NA,NA,NA,NA,NA,NA,T,FMT-M,
sample1039,1039,T3,2,2,11,11,NA,1,0,2,YY,T3,NA,NA,NA,NA,NA,NA,NA,T,FMT-M,
sample1040,1040,T4,2,2,11,11,NA,1,0,2,YY,T4,NA,NA,NA,NA,NA,NA,NA,T,FMT-M,
sample1041,1041,T5,2,2,11,11,NA,1,0,2,YY,T5,NA,NA,NA,NA,NA,NA,NA,T,FMT-M,
sample1057,1057,I1,18,2,11,11,NA,1,0,2,YO,I1,NA,NA,NA,NA,NA,NA,NA,I,FMT-UM,
sample1058,1058,I2,18,2,11,11,NA,1,0,2,YO,I2,NA,NA,NA,NA,NA,NA,NA,I,FMT-UM,
sample1059,1059,I3,18,2,11,11,NA,1,0,2,YO,I3,NA,NA,NA,NA,NA,NA,NA,I,FMT-UM,
sample1060,1060,I4,18,2,11,11,NA,1,0,2,YO,I4,NA,NA,NA,NA,NA,NA,NA,I,FMT-UM,
sample1061,1061,I5,18,2,11,11,NA,1,0,2,YO,I5,NA,NA,NA,NA,NA,NA,NA,I,FMT-UM,
sample1072,1072,X1,2,2,11,11,NA,1,0,18,OY,X1,NA,NA,NA,NA,NA,NA,NA,X,FMT-UM,
sample1073,1073,X2,2,2,11,11,NA,1,0,18,OY,X2,NA,NA,NA,NA,NA,NA,NA,X,FMT-UM,
sample1074,1074,X3,2,2,11,11,NA,1,0,18,OY,X3,NA,NA,NA,NA,NA,NA,NA,X,FMT-UM,
sample1075,1075,X4,2,2,11,11,NA,1,0,18,OY,X4,NA,NA,NA,NA,NA,NA,NA,X,FMT-UM,
sample1076,1076,X5,2,2,11,11,NA,1,0,18,OY,X5,NA,NA,NA,NA,NA,NA,NA,X,FMT-UM,
sample1087,1087,L1,18,2,11,11,NA,1,0,18,OO,L1,NA,NA,NA,NA,NA,NA,NA,L,FMT-M,
sample1088,1088,L2,18,2,11,11,NA,1,0,18,OO,L2,NA,NA,NA,NA,NA,NA,NA,L,FMT-M,
sample1089,1089,L3,18,2,11,11,NA,1,0,18,OO,L3,NA,NA,NA,NA,NA,NA,NA,L,FMT-M,
sample1090,1090,L4,18,2,11,11,NA,1,0,18,OO,L4,NA,NA,NA,NA,NA,NA,NA,L,FMT-M,
sample1091,1091,L5,18,2,11,11,NA,1,0,18,OO,L5,NA,NA,NA,NA,NA,NA,NA,L,FMT-M,
sample1833,1833,18-D91-B1-1,18,0,91,91,NA,0,NA,NA,0,B1,NA,28,NA,1,NA,NA,379,B,Ctrl,
sample1834,1834,18-D91-B2-1,18,0,91,91,NA,0,NA,NA,0,B2,NA,28,NA,1,NA,NA,380,B,Ctrl,
sample1835,1835,18-D91-B3-1,18,0,91,91,NA,0,NA,NA,0,B3,NA,28,NA,1,NA,NA,381,B,Ctrl,
sample1836,1836,18-D91-B4-1,18,0,91,91,NA,0,NA,NA,0,B4,NA,28,NA,1,NA,NA,382,B,Ctrl,
sample1837,1837,18-D91-B5-1,18,0,91,91,NA,0,NA,NA,0,B5,NA,28,NA,1,NA,NA,383,B,Ctrl,
sample1838,1838,18-D28-O1-1,18,3,28,28,NA,0,NA,NA,O3,O1,NA,28,NA,1,NA,NA,384,O,ABL,
sample1839,1839,18-D28-O2-1,18,3,28,28,NA,0,NA,NA,O3,O2,NA,28,NA,1,NA,NA,385,O,ABL,
sample1840,1840,18-D28-O3-1,18,3,28,28,NA,0,NA,NA,O3,O3,NA,28,NA,1,NA,NA,386,O,ABL,
sample1841,1841,18-D28-O4-1,18,3,28,28,NA,0,NA,NA,O3,O4,NA,28,NA,1,NA,NA,387,O,ABL,
sample1842,1842,18-D28-O5-1,18,3,28,28,NA,0,NA,NA,O3,O5,NA,28,NA,1,NA,NA,388,O,ABL,
sample1843,1843,NA,NA,NA,NA,NA,NA,NA,NA,NA,NA,NA,NA,NA,NA,NA,NA,NA,NA,N,,
sample1844,1844,NA,NA,NA,NA,NA,NA,NA,NA,NA,NA,NA,NA,NA,NA,NA,NA,NA,NA,N,,
sample1845,1845,NA,NA,NA,NA,NA,NA,NA,NA,NA,NA,NA,NA,NA,NA,NA,NA,NA,NA,N,,
sample1846,1846,NA,NA,NA,NA,NA,NA,NA,NA,NA,NA,NA,NA,NA,NA,NA,NA,NA,NA,N,,
sample1847,1847,NA,NA,NA,NA,NA,NA,NA,NA,NA,NA,NA,NA,NA,NA,NA,NA,NA,NA,N,,
sample1848,1848,NA,NA,NA,NA,NA,NA,NA,NA,NA,NA,NA,NA,NA,NA,NA,NA,NA,NA,N,,
sample1107,1107,T1,2,2,14,14,NA,1,0,2,YY,T1,NA,NA,NA,NA,NA,NA,NA,T,FMT-M,
sample1108,1108,T3,2,2,14,14,NA,1,0,2,YY,T3,NA,NA,NA,NA,NA,NA,NA,T,FMT-M,
sample1109,1109,T4,2,2,14,14,NA,1,0,2,YY,T4,NA,NA,NA,NA,NA,NA,NA,T,FMT-M,
sample1110,1110,T5,2,2,14,14,NA,1,0,2,YY,T5,NA,NA,NA,NA,NA,NA,NA,T,FMT-M,
sample1126,1126,I1,18,2,14,14,NA,1,0,2,YO,I1,NA,NA,NA,NA,NA,NA,NA,I,FMT-UM,
sample1127,1127,I2,18,2,14,14,NA,1,0,2,YO,I2,NA,NA,NA,NA,NA,NA,NA,I,FMT-UM,
sample1165,1165,T1,2,2,21,21,-4,1,0,2,YY,T1,NA,NA,NA,NA,NA,NA,NA,T,FMT-M,
sample1166,1166,T3,2,2,21,21,-4,1,0,2,YY,T3,NA,NA,NA,NA,NA,NA,NA,T,FMT-M,
sample1167,1167,T4,2,2,21,21,-4,1,0,2,YY,T4,NA,NA,NA,NA,NA,NA,NA,T,FMT-M,
sample1168,1168,T5,2,2,21,21,-4,1,0,2,YY,T5,NA,NA,NA,NA,NA,NA,NA,T,FMT-M,
sample1184,1184,I1,18,2,21,21,-4,1,0,2,YO,I1,NA,NA,NA,NA,NA,NA,NA,I,FMT-UM,
sample1185,1185,I2,18,2,21,21,-4,1,0,2,YO,I2,NA,NA,NA,NA,NA,NA,NA,I,FMT-UM,
sample1186,1186,I3,18,2,21,21,-4,1,0,2,YO,I3,NA,NA,NA,NA,NA,NA,NA,I,FMT-UM,
sample1187,1187,I4,18,2,21,21,-4,1,0,2,YO,I4,NA,NA,NA,NA,NA,NA,NA,I,FMT-UM,
sample1188,1188,I5,18,2,21,21,-4,1,0,2,YO,I5,NA,NA,NA,NA,NA,NA,NA,I,FMT-UM,
sample1199,1199,X1,2,2,21,21,-4,1,0,18,OY,X1,NA,NA,NA,NA,NA,NA,NA,X,FMT-UM,
sample1200,1200,X2,2,2,21,21,-4,1,0,18,OY,X2,NA,NA,NA,NA,NA,NA,NA,X,FMT-UM,
sample1201,1201,X3,2,2,21,21,-4,1,0,18,OY,X3,NA,NA,NA,NA,NA,NA,NA,X,FMT-UM,
sample1202,1202,X4,2,2,21,21,-4,1,0,18,OY,X4,NA,NA,NA,NA,NA,NA,NA,X,FMT-UM,
sample1868,1868,18-D99-B1-1,18,0,99,99,NA,0,NA,NA,0,B1,NA,35,NA,1,NA,NA,389,B,Ctrl,
sample1869,1869,18-D99-B2-1,18,0,99,99,NA,0,NA,NA,0,B2,NA,35,NA,1,NA,NA,390,B,Ctrl,
sample1870,1870,18-D99-B3-1,18,0,99,99,NA,0,NA,NA,0,B3,NA,35,NA,1,NA,NA,391,B,Ctrl,
sample1871,1871,18-D99-B4-1,18,0,99,99,NA,0,NA,NA,0,B4,NA,35,NA,1,NA,NA,392,B,Ctrl,
sample1872,1872,18-D99-B5-1,18,0,99,99,NA,0,NA,NA,0,B5,NA,35,NA,1,NA,NA,393,B,Ctrl,
sample1873,1873,18-D36-O1-1,18,3,35,35,NA,0,NA,NA,O3,O1,NA,35,NA,1,NA,NA,394,O,ABL,
sample1874,1874,18-D36-O2-1,18,3,35,35,NA,0,NA,NA,O3,O2,NA,35,NA,1,NA,NA,395,O,ABL,
sample1875,1875,18-D36-O3-1,18,3,35,35,NA,0,NA,NA,O3,O3,NA,35,NA,1,NA,NA,396,O,ABL,
sample1876,1876,18-D36-O4-1,18,3,35,35,NA,0,NA,NA,O3,O4,NA,35,NA,1,NA,NA,397,O,ABL,
sample1877,1877,18-D36-O5-1,18,3,35,35,NA,0,NA,NA,O3,O5,NA,35,NA,1,NA,NA,398,O,ABL,
sample1878,1878,NA,NA,2,NA,NA,NA,NA,NA,NA,NA,NA,NA,NA,NA,NA,NA,NA,NA,N,ABH,
sample1879,1879,NA,NA,2,NA,NA,NA,NA,NA,NA,NA,NA,NA,NA,NA,NA,NA,NA,NA,N,ABH,
sample1880,1880,NA,NA,2,NA,NA,NA,NA,NA,NA,NA,NA,NA,NA,NA,NA,NA,NA,NA,N,ABH,
sample1881,1881,NA,NA,2,NA,NA,NA,NA,NA,NA,NA,NA,NA,NA,NA,NA,NA,NA,NA,N,ABH,
sample1882,1882,NA,NA,2,NA,NA,NA,NA,NA,NA,NA,NA,NA,NA,NA,NA,NA,NA,NA,N,ABH,
sample1883,1883,NA,NA,2,NA,NA,NA,NA,NA,NA,NA,NA,NA,NA,NA,NA,NA,NA,NA,N,ABH,
sample1203,1203,X5,2,2,21,21,-4,1,0,18,OY,X5,NA,NA,NA,NA,NA,NA,NA,X,FMT-UM,
sample1214,1214,L1,18,2,21,21,-4,1,0,18,OO,L1,NA,NA,NA,NA,NA,NA,NA,L,FMT-M,
sample1215,1215,L2,18,2,21,21,-4,1,0,18,OO,L2,NA,NA,NA,NA,NA,NA,NA,L,FMT-M,
sample1216,1216,L3,18,2,21,21,-4,1,0,18,OO,L3,NA,NA,NA,NA,NA,NA,NA,L,FMT-M,
sample1217,1217,L4,18,2,21,21,-4,1,0,18,OO,L4,NA,NA,NA,NA,NA,NA,NA,L,FMT-M,
sample1218,1218,L5,18,2,21,21,-4,1,0,18,OO,L5,NA,NA,NA,NA,NA,NA,NA,L,FMT-M,
sample1560,1560,I3,18,2,14,14,NA,1,0,2,YO,I3,NA,NA,NA,NA,NA,NA,NA,I,FMT-UM,
sample1561,1561,I4,18,2,14,14,NA,1,0,2,YO,I4,NA,NA,NA,NA,NA,NA,NA,I,FMT-UM,
sample1562,1562,I5,18,2,14,14,NA,1,0,2,YO,I5,NA,NA,NA,NA,NA,NA,NA,I,FMT-UM,
sample1573,1573,X1,2,2,14,14,NA,1,0,18,OY,X1,NA,NA,NA,NA,NA,NA,NA,X,FMT-UM,
sample1574,1574,X2,2,2,14,14,NA,1,0,18,OY,X2,NA,NA,NA,NA,NA,NA,NA,X,FMT-UM,
sample1575,1575,X3,2,2,14,14,NA,1,0,18,OY,X3,NA,NA,NA,NA,NA,NA,NA,X,FMT-UM,
sample1576,1576,X4,2,2,14,14,NA,1,0,18,OY,X4,NA,NA,NA,NA,NA,NA,NA,X,FMT-UM,
sample1577,1577,X5,2,2,14,14,NA,1,0,18,OY,X5,NA,NA,NA,NA,NA,NA,NA,X,FMT-UM,
sample1588,1588,L1,18,2,14,14,NA,1,0,18,OO,L1,NA,NA,NA,NA,NA,NA,NA,L,FMT-M,
sample1589,1589,L2,18,2,14,14,NA,1,0,18,OO,L2,NA,NA,NA,NA,NA,NA,NA,L,FMT-M,
sample1590,1590,L3,18,2,14,14,NA,1,0,18,OO,L3,NA,NA,NA,NA,NA,NA,NA,L,FMT-M,
sample1591,1591,L4,18,2,14,14,NA,1,0,18,OO,L4,NA,NA,NA,NA,NA,NA,NA,L,FMT-M,
sample1592,1592,L5,18,2,14,14,NA,1,0,18,OO,L5,NA,NA,NA,NA,NA,NA,NA,L,FMT-M,
sample1903,1903,18-D105-B1-1,18,0,105,105,NA,0,NA,NA,0,B1,NA,42,NA,1,NA,NA,399,B,Ctrl,
sample1904,1904,18-D105-B2-1,18,0,105,105,NA,0,NA,NA,0,B2,NA,42,NA,1,NA,NA,400,B,Ctrl,
sample1905,1905,18-D105-B3-1,18,0,105,105,NA,0,NA,NA,0,B3,NA,42,NA,1,NA,NA,401,B,Ctrl,
sample1906,1906,18-D105-B4-1,18,0,105,105,NA,0,NA,NA,0,B4,NA,42,NA,1,NA,NA,402,B,Ctrl,
sample1907,1907,18-D105-B5-1,18,0,105,105,NA,0,NA,NA,0,B5,NA,42,NA,1,NA,NA,403,B,Ctrl,
sample1908,1908,18-D42-O1-1,18,3,42,42,NA,0,NA,NA,O3,O1,NA,42,NA,1,NA,NA,404,O,ABL,
sample1909,1909,18-D42-O2-1,18,3,42,42,NA,0,NA,NA,O3,O2,NA,42,NA,1,NA,NA,405,O,ABL,
sample1910,1910,18-D42-O3-1,18,3,42,42,NA,0,NA,NA,O3,O3,NA,42,NA,1,NA,NA,406,O,ABL,
sample1911,1911,18-D42-O4-1,18,3,42,42,NA,0,NA,NA,O3,O4,NA,42,NA,1,NA,NA,407,O,ABL,
sample1912,1912,18-D42-O5-1,18,3,42,42,NA,0,NA,NA,O3,O5,NA,42,NA,1,NA,NA,408,O,ABL,
sample1913,1913,18-D112-B1-1,18,0,112,112,NA,0,NA,NA,0,B1,NA,49,NA,1,NA,NA,409,B,Ctrl,
sample1914,1914,18-D112-B2-1,18,0,112,112,NA,0,NA,NA,0,B2,NA,49,NA,1,NA,NA,410,B,Ctrl,
sample1915,1915,18-D112-B3-1,18,0,112,112,NA,0,NA,NA,0,B3,NA,49,NA,1,NA,NA,411,B,Ctrl,
sample1916,1916,18-D112-B4-1,18,0,112,112,NA,0,NA,NA,0,B4,NA,49,NA,1,NA,NA,412,B,Ctrl,
sample1917,1917,18-D112-B5-1,18,0,112,112,NA,0,NA,NA,0,B5,NA,49,NA,1,NA,NA,413,B,Ctrl,
sample1918,1918,18-D49-O1-1,18,3,49,49,NA,0,NA,NA,O3,O1,NA,49,NA,1,NA,NA,414,O,ABL,
sample1919,1919,18-D49-O2-1,18,3,49,49,NA,0,NA,NA,O3,O2,NA,49,NA,1,NA,NA,415,O,ABL,
sample1920,1920,18-D49-O3-1,18,3,49,49,NA,0,NA,NA,O3,O3,NA,49,NA,1,NA,NA,416,O,ABL,
sample1921,1921,18-D49-O4-1,18,3,49,49,NA,0,NA,NA,O3,O4,NA,49,NA,1,NA,NA,417,O,ABL,
sample1922,1922,18-D49-O5-1,18,3,49,49,NA,0,NA,NA,O3,O5,NA,49,NA,1,NA,NA,418,O,ABL,
sample1923,1923,18-D119-B1-1,18,0,119,119,NA,0,NA,NA,0,B1,NA,56,NA,1,NA,NA,419,B,Ctrl,
sample1924,1924,18-D119-B2-1,18,0,119,119,NA,0,NA,NA,0,B2,NA,56,NA,1,NA,NA,420,B,Ctrl,
sample1925,1925,18-D119-B3-1,18,0,119,119,NA,0,NA,NA,0,B3,NA,56,NA,1,NA,NA,421,B,Ctrl,
sample1926,1926,18-D119-B4-1,18,0,119,119,NA,0,NA,NA,0,B4,NA,56,NA,1,NA,NA,422,B,Ctrl,
sample1927,1927,18-D119-B5-1,18,0,119,119,NA,0,NA,NA,0,B5,NA,56,NA,1,NA,NA,423,B,Ctrl,
sample1928,1928,18-D56-O1-1,18,3,56,56,NA,0,NA,NA,O3,O1,NA,56,NA,1,NA,NA,424,O,ABL,
sample1929,1929,18-D56-O2-1,18,3,56,56,NA,0,NA,NA,O3,O2,NA,56,NA,1,NA,NA,425,O,ABL,
sample1930,1930,18-D56-O3-1,18,3,56,56,NA,0,NA,NA,O3,O3,NA,56,NA,1,NA,NA,426,O,ABL,
sample1931,1931,18-D56-O4-1,18,3,56,56,NA,0,NA,NA,O3,O4,NA,56,NA,1,NA,NA,427,O,ABL,
sample1932,1932,18-D56-O5-1,18,3,56,56,NA,0,NA,NA,O3,O5,NA,56,NA,1,NA,NA,428,O,ABL,
sample1934,1934,OD1,18D,2,NA,-1,-1000,1,-1,18-D,OD,OD1,NA,NA,NA,NA,NA,NA,NA,OD,baseline_Aged,
sample1935,1935,YD1,2D,2,NA,-1,-1000,1,-1,2-D,YD,YD1,NA,NA,NA,NA,NA,NA,NA,YD,baseline_Young,
sample1936,1936,YD3,2D,2,NA,-3,-3,1,-1,2-D,YD,YD3,NA,NA,NA,NA,NA,NA,NA,Y,ABH,
sample1937,1937,OD3,18D,2,NA,-3,-3,1,-1,18-D,OD,OD3,NA,NA,NA,NA,NA,NA,NA,O,ABH,
sample1938,1938,ON,18D,2,NA,-10,-10,1,-1,18-D,OD,ON,NA,NA,NA,NA,NA,NA,NA,O,ABH,
sample1939,1939,YN,2D,2,NA,-10,-10,1,-1,2-D,YD,YN,NA,NA,NA,NA,NA,NA,NA,Y,ABH,
